Isolaat,amp100-1,amp100-2,amp100-3,amp100-4,amp100-5,amp100-6,amp100-7
Nor_141,0.01871666666667,0.01871666666667,0.01771666666667,0.01871666666667,0.01871666666667,0.01671666666667,
Nor_160,0.03471666666667,0.03471666666667,0.03571666666667,0.04171666666667,0.05671666666667,0.10971666666667,
Nor_131,0,0,0.00071666666667,0.00471666666667,0.00071666666667,0,
Nor_144,0.00371666666667,0.00371666666667,0.00371666666667,0.00271666666667,0.00271666666667,0.00271666666667,
Nor_142,0.00771666666667,0.00771666666667,0.00771666666667,0.00671666666667,0.00571666666667,0.00671666666667,
Nor_143,0,0,0,0,0,0,
Nor_163,0,0.00071666666667,0.00171666666667,0.00871666666667,0.07471666666667,0.09371666666667,
Nor_159,0.01871666666667,0.02271666666667,0.02671666666667,0.05871666666667,0.10771666666667,0.11671666666667,
Nor_123,0.00871666666667,0.00971666666667,0.00771666666667,0.00571666666667,0.00471666666667,0.00371666666667,
Nor_136,0,0,0,0,0,0,
Nor_164,0.11071666666667,0.12871666666667,0.17171666666667,0.18271666666667,0.22471666666667,0.28271666666667,
Nor_161,0.02471666666667,0.02571666666667,0.02371666666667,0.02771666666667,0.03571666666667,0.07271666666667,
Nor_140,0.01371666666667,0.01271666666667,0.01271666666667,0.00871666666667,0.00771666666667,0.00771666666667,
Nor_156,0.01171666666667,0.00971666666667,0.00871666666667,0.00671666666667,0.00571666666667,0.00571666666667,
Nor_96,0.01371666666667,0.01571666666667,0.01571666666667,0.02171666666667,0.01871666666667,0.01471666666667,
Nor_135,0.08371666666667,0.09771666666667,0.11171666666667,0.14071666666667,0.20671666666667,0.24671666666667,
Nor_120,0.00671666666667,0.00771666666667,0.00771666666667,0.00771666666667,0.00771666666667,0.00771666666667,
Nor_138,0,0,0,0,0,0,
Nor_149,0.04671666666667,0.04271666666667,0.03971666666667,0.03271666666667,0.02071666666667,0.02471666666667,
Nor_128,0.01871666666667,0.02571666666667,0.05671666666667,0.18171666666667,0.43871666666667,0.52871666666667,
Nor_119,0.02471666666667,0.02371666666667,0.02071666666667,0.01871666666667,0.01071666666667,0.00971666666667,
Nor_132,0.02671666666667,0.01971666666667,0.01571666666667,0.00471666666667,0.00371666666667,0.00371666666667,
Nor_153,0.03771666666667,0.04871666666667,0.07471666666667,0.20071666666667,0.36071666666667,0.38871666666667,
Nor_126,0.01971666666667,0.01871666666667,0.01571666666667,0.00971666666667,0.00471666666667,0.00271666666667,
Nor_129,0.11371666666667,0.16171666666667,0.20971666666667,0.25171666666667,0.33471666666667,0.34871666666667,
Nor_127,0.01371666666667,0.01771666666667,0.02071666666667,0.02671666666667,0.02471666666667,0.02371666666667,
Nor_148,0.16871666666667,0.16571666666667,0.23471666666667,0.33071666666667,0.26871666666667,0.27171666666667,
Nor_154,0.01071666666667,0.01071666666667,0.01071666666667,0.00971666666667,0.00971666666667,0.01071666666667,
Nor_87,0.01571666666667,0.01171666666667,0.01071666666667,0.00771666666667,0.00671666666667,0.00771666666667,
Nor_130,0,0,0,0,0,0,
Nor_139,0.00071666666667,0.00571666666667,0.03971666666667,0.20371666666667,0.38271666666667,0.46271666666667,
Nor_134,0.25771666666667,0.27871666666667,0.32371666666667,0.44171666666667,0.51971666666667,0.49671666666667,
Nor_162,0.01871666666667,0.01771666666667,0.01471666666667,0.01071666666667,0.00771666666667,0.00771666666667,
Nor_155,0,0,0,0,0,0,
Nor_151,0.00371666666667,0.00471666666667,0.01271666666667,0.12971666666667,0.13471666666667,0.31871666666667,
Nor_158,0.13871666666667,0.15671666666667,0.18171666666667,0.26471666666667,0.55371666666667,0.60571666666667,
Nor_95,0.01071666666667,0.01071666666667,0.00971666666667,0.00971666666667,0.11971666666667,0.19071666666667,
Nor_133,0.01571666666667,0.01571666666667,0.01871666666667,0.01571666666667,0.01871666666667,0.02571666666667,
Cam_60,0.15271666666667,0.17871666666667,0.25571666666667,0.30071666666667,0.25271666666667,0.24471666666667,
Cam_71,0.14871666666667,0.14971666666667,0.16371666666667,0.23171666666667,0.38171666666667,0.32571666666667,
Cam_56,0.20371666666667,0.23971666666667,0.27771666666667,0.35671666666667,0.51471666666667,0.51471666666667,
Cam_75,0.19471666666667,0.21871666666667,0.24371666666667,0.23271666666667,0.24971666666667,0.39171666666667,
Cam_51,0.18371666666667,0.24371666666667,0.28071666666667,0.37871666666667,0.49371666666667,0.39971666666667,
Cam_49,0.24671666666667,0.26971666666667,0.30771666666667,0.42471666666667,0.49071666666667,0.47571666666667,
Cam_47,0.21671666666667,0.25571666666667,0.29271666666667,0.46671666666667,0.60671666666667,0.48271666666667,
Cam_50,0.17971666666667,0.21971666666667,0.25071666666667,0.38571666666667,0.58271666666667,0.44971666666667,
Cam_64,0.21471666666667,0.20471666666667,0.22071666666667,0.43271666666667,0.68271666666667,0.42271666666667,
Cam_78,0.15571666666667,0.15871666666667,0.19771666666667,0.37771666666667,0.56071666666667,0.58771666666667,
Cam_67,0.12071666666667,0.15371666666667,0.17771666666667,0.19571666666667,0.21671666666667,0.25571666666667,
Cam_74,0.18071666666667,0.22071666666667,0.25571666666667,0.26071666666667,0.24571666666667,0.23671666666667,
Cam_63,0,0,0,0,0,0,
Cam_54,0.18671666666667,0.25271666666667,0.28971666666667,0.41071666666667,0.46271666666667,0.35871666666667,
Cam_53,0.12171666666667,0.15471666666667,0.16871666666667,0.27371666666667,0.29071666666667,0.32871666666667,
Amp_88,0.09471666666667,0.16571666666667,0.18571666666667,0.23371666666667,0.43071666666667,0.49271666666667,
Amp_91,0.11671666666667,0.15771666666667,0.21171666666667,0.21971666666667,0.37671666666667,0.36971666666667,
Amp_70,0.25371666666667,0.29171666666667,0.31871666666667,0.39371666666667,0.46571666666667,0.44771666666667,
Amp_93,0.16071666666667,0.19571666666667,0.21871666666667,0.24971666666667,0.38571666666667,0.44671666666667,
Amp_76,0.20371666666667,0.25471666666667,0.26971666666667,0.29871666666667,0.34071666666667,0.24371666666667,
Amp_98,0.19471666666667,0.22271666666667,0.25571666666667,0.35371666666667,0.59271666666667,0.62671666666667,
Amp_85,0.11571666666667,0.16271666666667,0.16971666666667,0.27871666666667,0.35871666666667,0.44971666666667,
Amp_74,0.23771666666667,0.28071666666667,0.32771666666667,0.48371666666667,0.52671666666667,0.56971666666667,
Amp_90,0.17871666666667,0.24171666666667,0.27271666666667,0.36471666666667,0.61571666666667,0.57371666666667,
Amp_72,0.10271666666667,0.18671666666667,0.24371666666667,0.29671666666667,0.46571666666667,0.37671666666667,
Amp_73,0.17871666666667,0.23671666666667,0.28471666666667,0.45071666666667,0.27071666666667,0.37271666666667,
Nor_77,0.00417142857143,0.00117142857143,0.00317142857143,0.00417142857143,0.00317142857143,0.00117142857143,0.00417142857143
Nor_70,0.00717142857143,0.00617142857143,0.00517142857143,0.00517142857143,0.00417142857143,0.00417142857143,0.00517142857143
Nor_107,0.03117142857143,0.06117142857143,0.10517142857143,0.19017142857143,0.28217142857143,0.31317142857143,0.35117142857143
Nor_100,0.00017142857143,0.00017142857143,0.00217142857143,0.00217142857143,0.00317142857143,0.00317142857143,0.00317142857143
Nor_114,0.00417142857143,0.00417142857143,0.00517142857143,0.00617142857143,0.00717142857143,0.00717142857143,0.00817142857143
Nor_108,0.00017142857143,0.01417142857143,0.05117142857143,0.17617142857143,0.14417142857143,0.12417142857143,0.09817142857143
Nor_99,0.01417142857143,0.01117142857143,0.01017142857143,0.00617142857143,0.00417142857143,0.00417142857143,0.01117142857143
Nor_110,0.02917142857143,0.02517142857143,0.02117142857143,0.01517142857143,0.01117142857143,0.01317142857143,0.01117142857143
Nor_112,0.02717142857143,0.02317142857143,0.02017142857143,0.01717142857143,0.01117142857143,0.01617142857143,0.01017142857143
Amp_32,0.33017142857143,0.39417142857143,0.43317142857143,0.67917142857143,0.60817142857143,0.62417142857143,0.47917142857143
Amp_48,0.24417142857143,0.27917142857143,0.28417142857143,0.54617142857143,0.52217142857143,0.50217142857143,0.43817142857143
Amp_43,0.29717142857143,0.35317142857143,0.48017142857143,0.40017142857143,0.63417142857143,0.68417142857143,0.78817142857143
Amp_54,0.24717142857143,0.29117142857143,0.32117142857143,0.60317142857143,0.68317142857143,0.63317142857143,0.53817142857143
Amp_35,0.31017142857143,0.33117142857143,0.37317142857143,0.53217142857143,0.58117142857143,0.51217142857143,0.45717142857143
Amp_42,0.22817142857143,0.27217142857143,0.30317142857143,0.48117142857143,0.61617142857143,0.57117142857143,0.46617142857143
Amp_46,0.28717142857143,0.34617142857143,0.35517142857143,0.53017142857143,0.68817142857143,0.59817142857143,0.45817142857143
Amp_55,0.23517142857143,0.24917142857143,0.36417142857143,0.50817142857143,0.50717142857143,0.50317142857143,0.52917142857143
Amp_29,0.30217142857143,0.36017142857143,0.38517142857143,0.69617142857143,0.70417142857143,0.67817142857143,0.50117142857143
Nor_65,0.07017142857143,0.08517142857143,0.07417142857143,0.08217142857143,0.07017142857143,0.07617142857143,0.06817142857143
Nor_68,0.02617142857143,0.02217142857143,0.02117142857143,0.02017142857143,0.01617142857143,0.01417142857143,0.01117142857143
Nor_116,0.00517142857143,0.00417142857143,0.00517142857143,0.00517142857143,0.00517142857143,0.00517142857143,0.00617142857143
Nor_117,0.00017142857143,0.00017142857143,0.01417142857143,0.30217142857143,0.58817142857143,0.67217142857143,0.54217142857143
Nor_85,0.00817142857143,0.00717142857143,0.00817142857143,0.00617142857143,0.00517142857143,0.00417142857143,0.00417142857143
Nor_105,0.00017142857143,0.00017142857143,0.00017142857143,0.00017142857143,0.00117142857143,0.00317142857143,0.00317142857143
Nor_103,0.00217142857143,0.00217142857143,0.00117142857143,0.00117142857143,0.00217142857143,0.00217142857143,0.00417142857143
Nor_83,0.01017142857143,0.01117142857143,0.02217142857143,0.29117142857143,0.50617142857143,0.55517142857143,0.46417142857143
Nor_106,0,0,0,0,0,0,0
Nor_104,0.00717142857143,0.00617142857143,0.00517142857143,0.00417142857143,0.00517142857143,0.00517142857143,0.00617142857143
Nor_76,0.01017142857143,0.00917142857143,0.00917142857143,0.00817142857143,0.00817142857143,0.00717142857143,0.00617142857143
Nor_113,0,0,0,0,0,0,0
Nor_109,0.00417142857143,0.00317142857143,0.00317142857143,0.00217142857143,0.00217142857143,0.00217142857143,0.00317142857143
Nor_94,0.05217142857143,0.06817142857143,0.07717142857143,0.08817142857143,0.10717142857143,0.13717142857143,0.15817142857143
Nor_111,0.00817142857143,0.00817142857143,0.00717142857143,0.00817142857143,0.00817142857143,0.00917142857143,0.00917142857143
Nor_101,0.02317142857143,0.02317142857143,0.02917142857143,0.16917142857143,0.41617142857143,0.59117142857143,0.70117142857143
Nor_90,0.00317142857143,0.00217142857143,0.00217142857143,0.00217142857143,0.00217142857143,0.00417142857143,0.00417142857143
Nor_91,0.00717142857143,0.00617142857143,0.00617142857143,0.00617142857143,0.02517142857143,0.10617142857143,0.16617142857143
Nor_75,0.00217142857143,0.00117142857143,0.00217142857143,0.00217142857143,0.00217142857143,0.00217142857143,0.00217142857143
Nor_66,0.00417142857143,0.00317142857143,0.00317142857143,0.00417142857143,0.00417142857143,0.00517142857143,0.00617142857143
Nor_84,0,0,0,0,0,0,0
Nor_86,0.00117142857143,0.00117142857143,0.00117142857143,0.00217142857143,0.00217142857143,0.00117142857143,0.00117142857143
Nor_80,0.00317142857143,0.00217142857143,0.00317142857143,0.00317142857143,0.00417142857143,0.00317142857143,0.00417142857143
Nor_78,0.01417142857143,0.01217142857143,0.00817142857143,0.00417142857143,0,0,0
Nor_97,0.03317142857143,0.03717142857143,0.03917142857143,0.06417142857143,0.11117142857143,0.15817142857143,0.40217142857143
Nor_88,0,0.00017142857143,0.00017142857143,0.00017142857143,0.00017142857143,0.00017142857143,0.00017142857143
Nor_93,0.02617142857143,0.02417142857143,0.02117142857143,0.01817142857143,0.01617142857143,0.01617142857143,0.01517142857143
Nor_69,0.18917142857143,0.25217142857143,0.32117142857143,0.49917142857143,0.51017142857143,0.54617142857143,0.48517142857143
Nor_73,0.00417142857143,0.00417142857143,0.00617142857143,0.07217142857143,0.35117142857143,0.58717142857143,0.73517142857143
Kan_65,0.00417142857143,0.00417142857143,0.00417142857143,0.00417142857143,0.00517142857143,0.03917142857143,0.32117142857143
Kan_56,0.07617142857143,0.10017142857143,0.11517142857143,0.12917142857143,0.19817142857143,0.17317142857143,0.31017142857143
Kan_47,0.00617142857143,0.00517142857143,0.00517142857143,0.00517142857143,0.00517142857143,0.00717142857143,0.00817142857143
Kan_37,0,0,0,0,0,0,0
Kan_61,0.00317142857143,0.00417142857143,0.00417142857143,0.00517142857143,0.00517142857143,0.00417142857143,0.00517142857143
Kan_40,0.03917142857143,0.05217142857143,0.06217142857143,0.07517142857143,0.14717142857143,0.16817142857143,0.24317142857143
Kan_51,0,0,0,0,0,0,0
Kan_54,0.08717142857143,0.11817142857143,0.13817142857143,0.20617142857143,0.25117142857143,0.28517142857143,0.31817142857143
Amp_39,0.31317142857143,0.36017142857143,0.39417142857143,0.57717142857143,0.77517142857143,0.62917142857143,0.50017142857143
Amp_51,0.24117142857143,0.28817142857143,0.35817142857143,0.58817142857143,0.62817142857143,0.66017142857143,0.65717142857143
Amp_52,0.26217142857143,0.33217142857143,0.31417142857143,0.52217142857143,0.63017142857143,0.56217142857143,0.33517142857143
Amp_66,0.28717142857143,0.31417142857143,0.33817142857143,0.40217142857143,0.45417142857143,0.40317142857143,0.28417142857143
Amp_38,0.28817142857143,0.34217142857143,0.47817142857143,0.74417142857143,0.86917142857143,0.91217142857143,1.00517142857143
Amp_37,0.29117142857143,0.35917142857143,0.38217142857143,0.48917142857143,0.59917142857143,0.65117142857143,0.66917142857143
Amp_33,0.28517142857143,0.32717142857143,0.45817142857143,0.73317142857143,0.86417142857143,0.87317142857143,0.96717142857143
Amp_36,0.26217142857143,0.31217142857143,0.44917142857143,0.70017142857143,0.83717142857143,0.79217142857143,0.83517142857143
Amp_62,0.18017142857143,0.21917142857143,0.28417142857143,0.54217142857143,0.71617142857143,0.69217142857143,0.56617142857143
Amp_61,0.20017142857143,0.28317142857143,0.35717142857143,0.53417142857143,0.62017142857143,0.63917142857143,0.58517142857143
Amp_65,0.26817142857143,0.33017142857143,0.34817142857143,0.53217142857143,0.64717142857143,0.54417142857143,0.37517142857143
Amp_40,0.29017142857143,0.33417142857143,0.37617142857143,0.43617142857143,0.53617142857143,0.53517142857143,0.45117142857143
Amp_49,0.23117142857143,0.28517142857143,0.34017142857143,0.47317142857143,0.60117142857143,0.58617142857143,0.36117142857143
Amp_57,0.25817142857143,0.28517142857143,0.37917142857143,0.60317142857143,0.82417142857143,0.82217142857143,0.88617142857143
Amp_64,0.29417142857143,0.32417142857143,0.34917142857143,0.40617142857143,0.46417142857143,0.52717142857143,0.48017142857143
Amp_63,0.17917142857143,0.21017142857143,0.23817142857143,0.32617142857143,0.45317142857143,0.49217142857143,0.42717142857143
Amp_31,0.32817142857143,0.35117142857143,0.42717142857143,0.71917142857143,0.71317142857143,0.72117142857143,0.66217142857143
Amp_67,0.27117142857143,0.32117142857143,0.36817142857143,0.57617142857143,0.66217142857143,0.63317142857143,0.66817142857143
Amp_47,0.27417142857143,0.30417142857143,0.36417142857143,0.55817142857143,0.71717142857143,0.71217142857143,0.64817142857143
Amp_34,0.28217142857143,0.33017142857143,0.35617142857143,0.54417142857143,0.64317142857143,0.64317142857143,0.50517142857143
Amp_59,0.27817142857143,0.32717142857143,0.36617142857143,0.66317142857143,0.77317142857143,0.69517142857143,0.55517142857143
Amp_56,0.28617142857143,0.33817142857143,0.36117142857143,0.62517142857143,0.72317142857143,0.59017142857143,0.33517142857143
Amp_50,0.31917142857143,0.37817142857143,0.41517142857143,0.59217142857143,0.67517142857143,0.70917142857143,0.56017142857143
Amp_53,0.31017142857143,0.38117142857143,0.42917142857143,0.56917142857143,0.56217142857143,0.59317142857143,0.53017142857143
Amp_58,0.30917142857143,0.37917142857143,0.41917142857143,0.69917142857143,0.69717142857143,0.66617142857143,0.54917142857143
Kan_43,0.00617142857143,0.00617142857143,0.00617142857143,0.00517142857143,0.00517142857143,0.00517142857143,0.00617142857143
Kan_7,0.024,0.021,0.019,0.017,0.015,0.059,
Nor_49,0.005,0.004,0.005,0.006,0.007,0.005,
Nor_38,0.004,0.001,0,0,0,0,
Nor_34,0.022,0.02,0.02,0.017,0.012,0.011,
Nor_18,0.006,0.009,0.01,0.007,0.009,0.007,
Nor_11,0.064,0.084,0.093,0.196,0.333,0.325,
Nor_61,0.008,0.008,0.007,0.003,0.002,0.003,
Nor_56,0.014,0.015,0.014,0.017,0.051,0.122,
Tet_18,0.006,0.007,0.007,0.007,0.007,0.007,
Kan_21,0.002,0.008,0.016,0.09,0.159,0.239,
Kan_20,0.012,0.011,0.009,0.007,0.005,0.005,
Kan_6,0.016,0.016,0.014,0.01,0.007,0.006,
Kan_12,0.024,0.023,0.018,0.019,0.011,0.015,
Kan_8,0.018,0.018,0.017,0.014,0.01,0.012,
Nor_27,0,0,0,0,0,0.003,
Nor_19,0.02,0.017,0.017,0.014,0.009,0.011,
Nor_41,0.005,0.006,0.006,0.006,0.006,0.008,
Nor_44,0,0,0,0,0,0,
Nor_39,0.323,0.403,0.447,0.468,0.496,0.557,
Nor_26,0.002,0.001,0.001,0.001,1.38777878078145E-17,1.38777878078145E-17,
Nor_20,0.076,0.118,0.156,0.339,0.455,0.496,
Nor_12,0,1.38777878078145E-17,0,0,0,0,
Nor_2,0.022,0.02,0.018,0.012,0.008,0.007,
Nor_59,0.012,0.011,0.011,0.005,0.005,0.005,
Tet_7,0,0,0,0,0,0,
Nor_31,0.027,0.025,0.023,0.022,0.021,0.077,
Kan_14,0,0,0,0,0,0.039,
Nor_42,0.002,0.002,0.003,0.003,0.003,0.004,
Nor_37,0.015,0.014,0.013,0.011,0.009,0.009,
Nor_32,0.008,0.005,0.003,0,0,0,
Nor_28,0.035,0.041,0.047,0.106,0.269,0.362,
Nor_6,0.003,0.003,0.003,0.002,0.002,0.002,
Nor_13,0.294,0.393,0.434,0.574,0.773,0.702,
Nor_3,0.004,0.035,0.078,0.44,0.638,0.623,
Nor_57,0.015,0.014,0.011,0.006,0.006,0.006,
Kan_27,0.016,0.016,0.014,0.01,0.007,0.007,
Kan_29,0.016,0.014,0.012,0.009,0.007,0.009,
Nor_10,0.028,0.025,0.023,0.018,0.014,0.022,
Nor_4,0,0,0,0,0,0,
Nor_60,0.008,0.012,0.012,0.011,0.008,0.009,
Tet_10,0.004,0.005,0.006,0.006,0.007,0.006,
Kan_16,0,0,0,0,0,0,
Kan_11,0.034,0.031,0.028,0.021,0.014,0.012,
Nor_48,0.006,0.006,0.006,0.004,0.002,0.002,
Nor_36,0.005,0.005,0.005,0.005,0.005,0.006,
Nor_33,0.016,0.015,0.013,0.009,0.004,0.002,
Nor_1,0.02,0.019,0.017,0.012,0.008,0.007,
Nor_58,0.013,0.012,0.011,0.006,0.006,0.006,
Nor_7,0.018,0.017,0.018,0.027,0.168,0.286,
Nor_53,0.006,0.006,0.007,0.006,0.005,0.008,
Kan_3,0.008,0.005,0.004,1.38777878078145E-17,0,0,
Kan_30,0.02,0.019,0.018,0.014,0.026,0.087,
Kan_18,0.023,0.02,0.02,0.015,0.01,0.013,
Kan_31,0,0,0,0,0.022,0.183,
Cam_4,0,0,0,0,0,0,
Cam_1,0.001,0.001,0.001,0.001,0.002,0.002,
Tet_11,0.303,0.356,0.412,0.567,0.615,0.563,
Cam_6,1.38777878078145E-17,1.38777878078145E-17,1.38777878078145E-17,1.38777878078145E-17,1.38777878078145E-17,0.001,
Cam_17,0.009,0.008,0.007,0.007,0.007,0.032,
Kan_26,0.008,0.006,0.006,0.005,0.005,0.005,
Tet_8,0.174,0.214,0.233,0.331,0.4,0.422,
Tet_12,0.026,0.023,0.023,0.181,0.383,0.517,
Tet_9,0,0,0,0,0,0,
Kan_4,0.004,0.004,0.005,0.005,0.005,0.005,
Kan_28,0.011,0.01,0.01,0.086,0.3,0.43,
Kan_25,0.207,0.302,0.366,0.49,0.601,0.597,
Kan_24,0.006,0.005,0.004,0.002,0.001,0.008,
Kan_17,0.005,0.004,0.004,0.003,0.002,0.001,
Kan_33,0.012,0.011,0.01,0.007,0.175,0.2,
Kan_2,0.343,0.427,0.481,0.676,0.777,0.784,
Cam_10,0.003,0.003,0.003,0.005,0.047,0.097,
Kan_10,0.005,0.004,0.003,0.002,0.001,0.001,
Tet_6,0.214,0.185,0.212,0.282,0.501,0.336,
Tet_16,0.297,0.394,0.464,0.638,0.695,0.699,
Cam_20,0,0,0,0,0,0,
Kan_13,0.006,0.006,0.006,0.006,0.005,0.005,
Kan_22,0.189,0.254,0.305,0.62,0.727,0.753,
Kan_9,0,0,0,0,0,0,
Tet_1,0.44,0.392,0.417,0.403,0.319,0.255,
Kan_15,0.004,0.004,0.004,0.005,0.005,0.005,
Tet_5,0.346,0.4,0.449,0.632,0.561,0.514,
Tet_15,0.25745714285714,0.32445714285714,0.38145714285714,0.66945714285714,0.78145714285714,0.85145714285714,
Tet_17,0.27745714285714,0.28345714285714,0.40445714285714,0.64745714285714,0.67945714285714,0.71745714285714,
Tet_3,0,0,0,0,0,0,
Kan_5,0.00245714285714,0.00245714285714,0.00245714285714,0.00145714285714,0.00245714285714,0.00145714285714,
Kan_19,0.01645714285714,0.02645714285714,0.05345714285714,0.21045714285714,0.31845714285714,0.33245714285714,
Tet_2,0.01445714285714,0.01645714285714,0.01545714285714,0.17645714285714,0.31345714285714,0.31945714285714,
Kan_32,0.18145714285714,0.26745714285714,0.35045714285714,0.46545714285714,0.50045714285714,0.47545714285714,
Cam_16,0.00345714285714,0.00345714285714,0.00245714285714,0.00245714285714,0.00245714285714,0.00245714285714,
Tet_13,0.35345714285714,0.45045714285714,0.55645714285714,0.68345714285714,0.73045714285714,0.85845714285714,
Cam_13,0.22845714285714,0.27845714285714,0.33045714285714,0.50645714285714,0.54945714285714,0.56345714285714,
Cam_19,0.22945714285714,0.32545714285714,0.42945714285714,0.72945714285714,0.71045714285714,0.77345714285714,
Kan_23,0.22145714285714,0.31745714285714,0.40545714285714,0.50945714285714,0.56545714285714,0.55745714285714,
Tet_14,0.05745714285714,0.08145714285714,0.10745714285714,0.18545714285714,0.25045714285714,0.22845714285714,
Cam_9,0.31045714285714,0.35845714285714,0.40245714285714,0.57445714285714,0.68745714285714,0.79145714285714,
Tet_4,0,0,0,0.13345714285714,0.33545714285714,0.39245714285714,
Amp_27,0.59845714285714,0.46545714285714,0.53945714285714,0.68745714285714,0.69145714285714,0.47745714285714,
Kan_1,0.23545714285714,0.30345714285714,0.36845714285714,0.51345714285714,0.61645714285714,0.62145714285714,
Amp_17,0.32345714285714,0.37345714285714,0.47845714285714,0.61545714285714,0.67145714285714,0.65545714285714,
Amp_2,0.18545714285714,0.20745714285714,0.20145714285714,0.32445714285714,0.40345714285714,0.25445714285714,
Amp_18,0.35545714285714,0.39345714285714,0.45245714285714,0.56845714285714,0.56045714285714,0.47345714285714,
Amp_19,0.19245714285714,0.16845714285714,0.19645714285714,0.27945714285714,0.25445714285714,0.19445714285714,
Amp_20,0.16845714285714,0.16445714285714,0.21845714285714,0.33445714285714,0.48745714285714,0.51345714285714,
Amp_21,0.19545714285714,0.23045714285714,0.24045714285714,0.31445714285714,0.28645714285714,0.16845714285714,
Amp_22,0.18145714285714,0.17245714285714,0.20245714285714,0.32445714285714,0.31645714285714,0.33345714285714,
Amp_1,0.56945714285714,0.51045714285714,0.58545714285714,0.73745714285714,0.70145714285714,0.67445714285714,
Amp_23,0.14345714285714,0.14845714285714,0.19745714285714,0.23845714285714,0.25545714285714,0.33345714285714,
Amp_28,0.26345714285714,0.32145714285714,0.42045714285714,0.57745714285714,0.64345714285714,0.69845714285714,
Amp_25,0.23945714285714,0.26845714285714,0.27745714285714,0.36645714285714,0.30645714285714,0.25045714285714,
Amp_26,0.34445714285714,0.40045714285714,0.43345714285714,0.59445714285714,0.62745714285714,0.59945714285714,
Amp_24,0.18545714285714,0.17145714285714,0.21845714285714,0.32145714285714,0.57645714285714,0.58745714285714,
Amp_10,0.50145714285714,0.52145714285714,0.63045714285714,0.67845714285714,0.70845714285714,0.72245714285714,
Amp_11,0.18645714285714,0.24145714285714,0.28345714285714,0.29645714285714,0.51645714285714,0.54145714285714,
Amp_3,0.35345714285714,0.42945714285714,0.52145714285714,0.65545714285714,0.64345714285714,0.86545714285714,
Amp_4,0.23245714285714,0.26745714285714,0.29845714285714,0.34545714285714,0.37545714285714,0.39145714285714,
Amp_13,0.15445714285714,0.20845714285714,0.22645714285714,0.23845714285714,0.22745714285714,0.10545714285714,
Amp_6,0.21245714285714,0.25145714285714,0.27345714285714,0.36745714285714,0.41945714285714,0.44745714285714,
Amp_12,0.28845714285714,0.31745714285714,0.38645714285714,0.46345714285714,0.31945714285714,0.33145714285714,
Amp_5,0.31745714285714,0.34145714285714,0.54545714285714,0.60445714285714,0.62945714285714,0.59345714285714,
Amp_8,0.23245714285714,0.29845714285714,0.37545714285714,0.52845714285714,0.69145714285714,0.76545714285714,
Amp_15,0.07345714285714,0.08345714285714,0.11445714285714,0.34045714285714,0.46745714285714,0.40545714285714,
Amp_7,0.26845714285714,0.29245714285714,0.32345714285714,0.50845714285714,0.29145714285714,0.49145714285714,
Amp_14,0.13745714285714,0.14445714285714,0.16045714285714,0.26045714285714,0.34245714285714,0.23845714285714,
Amp_9,0.23045714285714,0.28745714285714,0.30045714285714,0.41945714285714,0.40945714285714,0.39545714285714,
Amp_16,0.09245714285714,0.14245714285714,0.12845714285714,0.43145714285714,0.46445714285714,0.46645714285714,
Cam_15,0.01345714285714,0.01245714285714,0.01845714285714,0.34345714285714,0.54845714285714,0.87145714285714,
Cam_14,0.23145714285714,0.23945714285714,0.23745714285714,0.38945714285714,0.55045714285714,0.58245714285714,
Cam_11,0.41845714285714,0.45745714285714,0.53445714285714,0.62845714285714,0.51545714285714,0.78845714285714,
Cam_12,0.46745714285714,0.54445714285714,0.63245714285714,0.74545714285714,0.82445714285714,0.86945714285714,
Cam_8,0.00145714285714,0.00145714285714,0.00045714285714,0.00045714285714,0.00045714285714,0,
Cam_7,0.37845714285714,0.44645714285714,0.49645714285714,0.74345714285714,0.79345714285714,0.73345714285714,
Cam_5,0.38145714285714,0.48645714285714,0.52945714285714,0.68045714285714,0.63445714285714,0.71745714285714,
Cam_21,0.37945714285714,0.41745714285714,0.44645714285714,0.53445714285714,0.59345714285714,0.28545714285714,
Cam_3,0.00545714285714,0.00545714285714,0.00445714285714,0.00245714285714,0.00145714285714,0.03845714285714,
Cam_2,0.01745714285714,0.01645714285714,0.01745714285714,0.08245714285714,0.14645714285714,0.30145714285714,
Nor_16,0.00145714285714,0.00545714285714,0.04545714285714,0.31545714285714,0.38245714285714,0.32345714285714,
Nor_40,0,0,0,0.00045714285714,0,0,
Nor_46,0.00445714285714,0.00445714285714,0.00545714285714,0.00445714285714,0.00345714285714,0.00345714285714,
Nor_50,0.00845714285714,0.01045714285714,0.01145714285714,0.01445714285714,0.00845714285714,0.00245714285714,
Nor_55,0.00545714285714,0.00945714285714,0.03945714285714,0.57045714285714,0.85645714285714,0.79045714285714,
Nor_22,0.00245714285714,0.00245714285714,0.00245714285714,0.00145714285714,0.00145714285714,0.00145714285714,
Nor_23,0,0,0,0,0,0,
Nor_24,0.00545714285714,0.00545714285714,0.03145714285714,0.33445714285714,0.67645714285714,0.73445714285714,
Nor_30,0,0,0,0,0,0,
Nor_8,0.00145714285714,0.00245714285714,0.00445714285714,0.02045714285714,0.03045714285714,0.02745714285714,
Nor_43,0.08845714285714,0.12145714285714,0.16245714285714,0.32445714285714,0.40745714285714,0.47345714285714,
Nor_29,0.01745714285714,0.01945714285714,0.02245714285714,0.02145714285714,0.04245714285714,0.18245714285714,
Nor_45,0,0,0,0,0,0,
Nor_15,0,0,0,0.01545714285714,0.02945714285714,0.09545714285714,
Nor_21,0.00245714285714,0.00345714285714,0.00345714285714,0.00345714285714,0.00345714285714,0.00645714285714,
Nor_51,0.02045714285714,0.02845714285714,0.03845714285714,0.13945714285714,0.21845714285714,0.30945714285714,
Nor_17,0.00245714285714,0.00345714285714,0.00345714285714,0.00245714285714,0.00245714285714,0.00245714285714,
Nor_52,0,0,0.00145714285714,0.00145714285714,0.00045714285714,0.00145714285714,
Nor_9,0,0,0,0.01345714285714,0.02345714285714,0.02745714285714,
Nor_54,0.00145714285714,0.00245714285714,0.00245714285714,0.00345714285714,0.00245714285714,0.00245714285714,
Nor_47,0,0,0,0,0,0,
Amp_92,0.44174285714286,0.47174285714286,0.45374285714286,0.53374285714286,0.48574285714286,0.44074285714286,
Amp_89,0.35374285714286,0.38274285714286,0.41074285714286,0.52874285714286,0.49374285714286,0.37374285714286,
Amp_75,0.29874285714286,0.34974285714286,0.40974285714286,0.48874285714286,0.66074285714286,0.67274285714286,
Amp_82,0.20674285714286,0.25774285714286,0.31374285714286,0.32474285714286,0.43774285714286,0.35274285714286,
Amp_94,0.21374285714286,0.23974285714286,0.24074285714286,0.41674285714286,0.56874285714286,0.48574285714286,
Amp_87,0.18874285714286,0.22774285714286,0.20874285714286,0.32374285714286,0.50874285714286,0.45574285714286,
Amp_71,0.20374285714286,0.23074285714286,0.31574285714286,0.61974285714286,0.80574285714286,0.82474285714286,
Amp_80,0.32174285714286,0.32774285714286,0.41274285714286,0.52474285714286,0.69974285714286,0.69574285714286,
Amp_84,0.49474285714286,0.40474285714286,0.38574285714286,0.33374285714286,0.36074285714286,0.24774285714286,
Tet_7171,0.38074285714286,0.40474285714286,0.48474285714286,0.53174285714286,0.73974285714286,0.70774285714286,
Tet_5757,0.01274285714286,0.01274285714286,0.01374285714286,0.00974285714286,0.00674285714286,0.00574285714286,
Amp_78,0.15374285714286,0.17374285714286,0.17674285714286,0.34374285714286,0.45674285714286,0.40874285714286,
Kan_81,0.00974285714286,0.00974285714286,0.00874285714286,0.00874285714286,0.07274285714286,0.25574285714286,
Kan_86,0.02374285714286,0.04374285714286,0.06874285714286,0.14274285714286,0.26274285714286,0.30174285714286,
Kan_92,0,0,0,0,0.00074285714286,0.23474285714286,
Kan_87,0.05374285714286,0.10374285714286,0.14974285714286,0.31574285714286,0.48974285714286,0.47674285714286,
Kan_93,0.23674285714286,0.28474285714286,0.36474285714286,0.65174285714286,0.83274285714286,0.87374285714286,
Kan_94,0,0,0,0,0,0,
Kan_89,0.06174285714286,0.07574285714286,0.08374285714286,0.13274285714286,0.21474285714286,0.31174285714286,
Kan_102,0.22774285714286,0.27274285714286,0.33474285714286,0.62174285714286,0.84474285714286,0.86774285714286,
Kan_101,0.00874285714286,0.00974285714286,0.00874285714286,0.00774285714286,0.00774285714286,0.12574285714286,
Kan_105,0,0,0,0,0,0,
Kan_106,0.00374285714286,0.00474285714286,0.00474285714286,0.00574285714286,0.00474285714286,0.00474285714286,
Kan_83,0.00074285714286,0.00174285714286,0.00274285714286,0.00274285714286,0.00374285714286,0.00274285714286,
Cam_146,0.41674285714286,0.45674285714286,0.50174285714286,0.42874285714286,0.42274285714286,0.38574285714286,
Cam_152,0.36374285714286,0.42174285714286,0.47474285714286,0.67274285714286,0.76974285714286,0.74674285714286,
Cam_118,0.44474285714286,0.42874285714286,0.46674285714286,0.59874285714286,0.60574285714286,0.49474285714286,
Cam_128,0.00574285714286,0.00674285714286,0.00674285714286,0.00674285714286,0.07974285714286,0.26174285714286,
Cam_88,0.00774285714286,0.00874285714286,0.00874285714286,0.11174285714286,0.41574285714286,0.77474285714286,
Cam_141,0.39374285714286,0.43474285714286,0.49174285714286,0.62874285714286,0.69774285714286,0.73774285714286,
Cam_144,0.54274285714286,0.63274285714286,0.67874285714286,0.72274285714286,0.73374285714286,0.66774285714286,
Cam_138,0.00274285714286,0.00374285714286,0.00974285714286,0.18174285714286,0.41674285714286,0.49674285714286,
Cam_140,0.11574285714286,0.05974285714286,0.05774285714286,0.07574285714286,0.18574285714286,0.29174285714286,
Cam_139,0.39974285714286,0.43874285714286,0.47374285714286,0.58774285714286,0.65174285714286,0.63074285714286,
Cam_86,0.00274285714286,0.00374285714286,0.00374285714286,0.00274285714286,0.00374285714286,0.00274285714286,
Cam_153,0.40974285714286,0.47274285714286,0.49674285714286,0.59774285714286,0.72874285714286,0.71574285714286,
Cam_148,0.00574285714286,0.00674285714286,0.00574285714286,0.00474285714286,0.01074285714286,0.23874285714286,
Cam_147,0.05074285714286,0.06074285714286,0.07774285714286,0.39574285714286,0.68574285714286,0.84574285714286,
Cam_84,0.37974285714286,0.43674285714286,0.50574285714286,0.59774285714286,0.63174285714286,0.62374285714286,
Cam_125,0.40474285714286,0.44574285714286,0.49874285714286,0.72574285714286,0.77374285714286,0.78574285714286,
Cam_82,0.39274285714286,0.42574285714286,0.43174285714286,0.43774285714286,0.43574285714286,0.33774285714286,
Cam_83,0.44674285714286,0.50274285714286,0.63974285714286,0.76174285714286,0.80974285714286,0.78474285714286,
Cam_130,0.40074285714286,0.40274285714286,0.45874285714286,0.57674285714286,0.70874285714286,0.51874285714286,
Cam_136,0.00074285714286,0.00074285714286,0.00174285714286,0.00174285714286,0.00074285714286,0,
Cam_129,0.38274285714286,0.41474285714286,0.41774285714286,0.42874285714286,0.40374285714286,0.32274285714286,
Cam_110,0.46174285714286,0.45774285714286,0.45674285714286,0.45274285714286,0.46674285714286,0.45574285714286,
Cam_104,0.38774285714286,0.41774285714286,0.43974285714286,0.57974285714286,0.58074285714286,0.54774285714286,
Cam_134,0.36374285714286,0.43474285714286,0.51574285714286,0.71074285714286,0.78674285714286,0.74474285714286,
Cam_95,0.01374285714286,0.01174285714286,0.01074285714286,0.02774285714286,0.08674285714286,0.20474285714286,
Cam_94,0.36674285714286,0.40174285714286,0.42474285714286,0.47274285714286,0.51874285714286,0.48474285714286,
Cam_131,0.24774285714286,0.26474285714286,0.25174285714286,0.28374285714286,0.29774285714286,0.25074285714286,
Cam_103,0.38674285714286,0.41174285714286,0.46774285714286,0.65974285714286,0.75474285714286,0.78874285714286,
Cam_98,0.15374285714286,0.19174285714286,0.22374285714286,0.73774285714286,0.79874285714286,0.89374285714286,
Cam_97,0.48774285714286,0.48374285714286,0.48374285714286,0.46574285714286,0.49674285714286,0.45774285714286,
Cam_101,0.39274285714286,0.45574285714286,0.52274285714286,0.68474285714286,0.77474285714286,0.79474285714286,
Cam_106,0.39974285714286,0.42874285714286,0.46774285714286,0.58374285714286,0.68374285714286,0.77674285714286,
Cam_111,0.38974285714286,0.44274285714286,0.49074285714286,0.52874285714286,0.64174285714286,0.59274285714286,
Cam_117,0.32774285714286,0.40674285714286,0.44374285714286,0.54874285714286,0.66374285714286,0.66874285714286,
Cam_105,0.00474285714286,0.00574285714286,0.00474285714286,0.00474285714286,0.00574285714286,0.00574285714286,
Cam_132,0.21774285714286,0.27774285714286,0.32774285714286,0.42474285714286,0.50174285714286,0.55374285714286,
Cam_91,0.00274285714286,0.00274285714286,0.00374285714286,0.00374285714286,0.00174285714286,0.00474285714286,
Cam_108,0.01174285714286,0.01974285714286,0.05974285714286,0.28274285714286,0.48374285714286,0.59774285714286,
Cam_87,0.03474285714286,0.04974285714286,0.06274285714286,0.10174285714286,0.13074285714286,0.16974285714286,
Cam_119,0.00574285714286,0.01174285714286,0.04574285714286,0.48074285714286,0.69274285714286,0.84574285714286,
Amp_30,0.37377142857143,0.40277142857143,0.40077142857143,0.57977142857143,0.65577142857143,0.67277142857143,
Amp_44,0.37677142857143,0.40677142857143,0.41077142857143,0.53877142857143,0.62177142857143,0.58077142857143,
Amp_45,0.34977142857143,0.35077142857143,0.38777142857143,0.60377142857143,0.64577142857143,0.64877142857143,
Amp_41,0.35577142857143,0.39877142857143,0.40077142857143,0.54577142857143,0.61077142857143,0.65377142857143,
Cam_38,0.00677142857143,0.00977142857143,0.01077142857143,0.01077142857143,0.00877142857143,0.00777142857143,
Cam_41,0,0,0,0,0,0,
Cam_23,0,0,0,0,0,0,
Amp_60,0.42177142857143,0.44277142857143,0.43977142857143,0.62377142857143,0.70977142857143,0.71877142857143,
Cam_32,0,0,0.00077142857143,0.00177142857143,0.00177142857143,0.00177142857143,
Cam_27,0.30877142857143,0.33177142857143,0.38877142857143,0.48577142857143,0.51477142857143,0.53077142857143,
Cam_31,0.32577142857143,0.36577142857143,0.37677142857143,0.49577142857143,0.54777142857143,0.52977142857143,
Cam_45,0.29077142857143,0.32077142857143,0.34877142857143,0.45977142857143,0.49477142857143,0.50877142857143,
Cam_29,0.29077142857143,0.33377142857143,0.37177142857143,0.39277142857143,0.39977142857143,0.37277142857143,
Cam_22,0.30177142857143,0.32477142857143,0.37277142857143,0.46277142857143,0.46077142857143,0.44277142857143,
Cam_28,0,0,0,0,0,0,
Cam_35,0.00377142857143,0.00377142857143,0.00377142857143,0.00377142857143,0.11177142857143,0.10377142857143,
Cam_2121,0.00577142857143,0.00677142857143,0.00677142857143,0.00677142857143,0.00677142857143,0.00977142857143,
Cam_40,0,0,0,0,0,0,
Cam_37,0.46577142857143,0.47477142857143,0.48577142857143,0.51277142857143,0.53977142857143,0.56377142857143,
Cam_46,0.00177142857143,0.00177142857143,0.00177142857143,0.00177142857143,0.00177142857143,0.01377142857143,
Tet_28,0.01077142857143,0.01077142857143,0.01277142857143,0.04977142857143,0.27477142857143,0.48677142857143,
Tet_21,0.21777142857143,0.24877142857143,0.26377142857143,0.24477142857143,0.21077142857143,0.21677142857143,
Tet_33,0.14677142857143,0.16777142857143,0.17377142857143,0.19477142857143,0.29977142857143,0.27077142857143,
Tet_31,0.24077142857143,0.31877142857143,0.40677142857143,0.53077142857143,0.57477142857143,0.60477142857143,
Tet_23,0,0,0.00077142857143,0,0,0,
Tet_19,0.20877142857143,0.22177142857143,0.21677142857143,0.31277142857143,0.31877142857143,0.35277142857143,
Tet_38,0,0,0,0,0,0,
Endo_Tet_3,0.36377142857143,0.40677142857143,0.42677142857143,0.51777142857143,0.56977142857143,0.62877142857143,
Tet_49,0.34877142857143,0.36077142857143,0.39177142857143,0.45277142857143,0.40177142857143,0.35177142857143,
Tet_44,0.32977142857143,0.44277142857143,0.44177142857143,0.60777142857143,0.60977142857143,0.53477142857143,
Tet_35,0.03377142857143,0.04077142857143,0.05477142857143,0.21177142857143,0.34777142857143,0.42477142857143,
Tet_24,0.36677142857143,0.38677142857143,0.38277142857143,0.54277142857143,0.55477142857143,0.51677142857143,
Tet_65,0.26877142857143,0.32577142857143,0.38877142857143,0.55077142857143,0.71277142857143,0.75677142857143,
Tet_70,0.32877142857143,0.39377142857143,0.44277142857143,0.60377142857143,0.72377142857143,0.71977142857143,
Tet_71,0.36077142857143,0.43177142857143,0.49277142857143,0.52077142857143,0.58977142857143,0.60277142857143,
Tet_72,0.39877142857143,0.46077142857143,0.50177142857143,0.60477142857143,0.72077142857143,0.70177142857143,
Tet_73,0.00477142857143,0.00477142857143,0.00477142857143,0.03777142857143,0.17077142857143,0.16677142857143,
Tet_74,0.32177142857143,0.40077142857143,0.43377142857143,0.57777142857143,0.60877142857143,0.55477142857143,
Tet_76,0.36377142857143,0.40877142857143,0.44677142857143,0.53177142857143,0.56977142857143,0.58777142857143,
Tet_25,0.21877142857143,0.29777142857143,0.33977142857143,0.46177142857143,0.34577142857143,0.54277142857143,
Tet_61,0.14077142857143,0.19177142857143,0.23377142857143,0.46177142857143,0.56677142857143,0.59677142857143,
Tet_60,0.34777142857143,0.35177142857143,0.37377142857143,0.38777142857143,0.36677142857143,0.34777142857143,
Tet_55,0.29277142857143,0.38877142857143,0.42677142857143,0.43277142857143,0.38177142857143,0.41477142857143,
Tet_56,0.24477142857143,0.29777142857143,0.33877142857143,0.45477142857143,0.56277142857143,0.63777142857143,
Tet_59,0.37477142857143,0.40677142857143,0.43377142857143,0.50677142857143,0.48477142857143,0.47577142857143,
Tet_54,0.00777142857143,0.00777142857143,0.00777142857143,0.13977142857143,0.42777142857143,0.56277142857143,
Tet_51,0.26377142857143,0.34577142857143,0.44177142857143,0.66177142857143,0.73277142857143,0.76277142857143,
Tet_68,0.01677142857143,0.01577142857143,0.01577142857143,0.01277142857143,0.01077142857143,0.00877142857143,
Tet_30,0.00477142857143,0.00477142857143,0.00377142857143,0.00377142857143,0.04877142857143,0.18377142857143,
Endo_Tet_4,0.02677142857143,0.04377142857143,0.08577142857143,0.19377142857143,0.36377142857143,0.43477142857143,
Endo_Tet_6,0,0,0,0,0,0,
Tet_57,0.00677142857143,0.00677142857143,0.00677142857143,0.00577142857143,0.00377142857143,0.00377142857143,
Tet_67,0.18277142857143,0.22777142857143,0.30477142857143,0.48977142857143,0.63877142857143,0.59377142857143,
Tet_69,0.35577142857143,0.39877142857143,0.42977142857143,0.51177142857143,0.52077142857143,0.52477142857143,
Tet_63,0.01277142857143,0.01377142857143,0.01877142857143,0.25877142857143,0.47677142857143,0.52377142857143,
Tet_62,0.00377142857143,0.00277142857143,0.00277142857143,0.00177142857143,0.00077142857143,0.00077142857143,
Tet_42,0.01377142857143,0.01077142857143,0.01077142857143,0.00777142857143,0.00677142857143,0.00777142857143,
Tet_34,0,0,0,0,0,0,
Tet_37,0.21077142857143,0.23177142857143,0.26377142857143,0.24377142857143,0.19177142857143,0.30677142857143,
Tet_75,0.13377142857143,0.16677142857143,0.19877142857143,0.34677142857143,0.45777142857143,0.41577142857143,
Tet_53,0.09777142857143,0.14177142857143,0.17877142857143,0.32077142857143,0.39577142857143,0.44677142857143,
Endo_Tet_2,0.00177142857143,0.00277142857143,0.00277142857143,0.00277142857143,0.00677142857143,0.01877142857143,
Nor_125,0,0,0,0,0,0,
Nor_124,0.00077142857143,0.00177142857143,0.00177142857143,0.00177142857143,0.00177142857143,0.00277142857143,
Nor_216,0.0108,0.0108,0.0118,0.0148,0.0138,0.0128,
Nor_231,0.0078,0.0078,0.0078,0.0078,0.0068,0.0058,
Nor_249,0.0118,0.0108,0.0078,0.0018,0,0,
Nor_258,0.0068,0.0078,0.0068,0.0058,0.0048,0.0038,
Nor_245,0.0088,0.0098,0.0088,0.0078,0.0068,0.0068,
Amp_155,0.2798,0.3098,0.3508,0.4748,0.4598,0.4168,
Amp_135,0.2718,0.3068,0.3258,0.5868,0.5838,0.6578,
Amp_126,0.1718,0.1688,0.1678,0.3198,0.5398,0.6228,
Amp_137,0.2498,0.2898,0.3218,0.4558,0.4858,0.4738,
Amp_150,0.1628,0.1978,0.2378,0.3588,0.5528,0.6758,
Amp_136,0.2128,0.2858,0.3028,0.4878,0.5708,0.8058,
Amp_146,0.1878,0.2198,0.2618,0.4088,0.5638,0.6918,
Amp_151,0.2708,0.3038,0.3678,0.5418,0.5738,0.5198,
Amp_147,0.1218,0.1608,0.1818,0.3678,0.5158,0.6438,
Amp_142,0.1498,0.1888,0.2068,0.3468,0.4878,0.6748,
Amp_132,0.2998,0.4018,0.4428,0.4618,0.4388,0.4878,
Amp_117,0.2478,0.2858,0.3168,0.4648,0.5198,0.5028,
Amp_127,0.1178,0.1518,0.1678,0.2488,0.3228,0.4328,
Amp_123,0.2318,0.3038,0.3518,0.4958,0.6748,0.6988,
Amp_100,0.2088,0.2778,0.3098,0.5048,0.2838,0.3518,
Amp_106,0.1328,0.1658,0.1898,0.3348,0.3608,0.5958,
Amp_157,0.1628,0.2318,0.2778,0.4678,0.5178,0.5288,
Amp_156,0.2138,0.2608,0.2908,0.4108,0.5138,0.6518,
Amp_162,0.1848,0.2358,0.2708,0.3578,0.2228,0.3448,
Amp_161,0.1378,0.1598,0.1798,0.2738,0.3278,0.3828,
Amp_167,0.1778,0.2428,0.2478,0.4418,0.6068,0.7598,
Amp_166,0.1518,0.2238,0.2618,0.4268,0.3988,0.3228,
Amp_129,0.1588,0.1998,0.2678,0.2998,0.3288,0.3388,
Amp_134,0.1548,0.2028,0.2438,0.3448,0.4748,0.5258,
Amp_193,0.1128,0.1588,0.2028,0.3278,0.4968,0.5608,
Amp_111,0.1028,0.1058,0.1098,0.1048,0.0848,0.0668,
Amp_101,0.2108,0.2368,0.2718,0.4858,0.5058,0.5078,
Amp_103,0.2478,0.2798,0.3108,0.4588,0.5368,0.5078,
Amp_104,0.0938,0.1108,0.1308,0.2598,0.2588,0.3668,
Amp_109,0.2338,0.2908,0.3178,0.4518,0.5248,0.5268,
Amp_110,0.1988,0.2348,0.3548,0.5378,0.6128,0.6198,
Amp_115,0.2078,0.2158,0.2598,0.3078,0.2978,0.4158,
Amp_112,0.1758,0.2328,0.2808,0.3748,0.5118,0.5518,
Amp_113,0.1778,0.1978,0.2508,0.4038,0.5408,0.7118,
Amp_195,0.2948,0.3418,0.3638,0.4848,0.4818,0.5468,
Amp_192,0.2278,0.2758,0.2848,0.4288,0.2898,0.1998,
Amp_181,0.1388,0.1678,0.1968,0.2628,0.3258,0.4098,
Amp_175,0.2008,0.2318,0.2608,0.4008,0.4238,0.4068,
Amp_165,0.1738,0.2548,0.2968,0.4898,0.4298,0.3418,
Amp_180,0.2338,0.2768,0.3038,0.3408,0.4068,0.4318,
Amp_190,0.2498,0.2498,0.2768,0.4288,0.5008,0.5398,
Amp_185,0.2578,0.2908,0.3388,0.5248,0.5918,0.6078,
Amp_119,0.1448,0.1958,0.2198,0.3668,0.4868,0.6628,
Amp_124,0.2738,0.2898,0.3128,0.4258,0.4238,0.4368,
Amp_120,0.1258,0.1718,0.1668,0.2648,0.4578,0.5458,
Amp_130,0.1148,0.1458,0.1518,0.2168,0.2478,0.3958,
Amp_143,0.1828,0.2288,0.2448,0.3238,0.3378,0.3938,
Amp_148,0.1918,0.2648,0.3188,0.4198,0.5428,0.5768,
Amp_153,0.2238,0.2918,0.3478,0.6138,0.5068,0.6678,
Amp_145,0.2188,0.2978,0.3318,0.5318,0.5588,0.5428,
Amp_169,0.2728,0.3268,0.3708,0.5108,0.6718,0.7698,
Amp_172,0.1558,0.1988,0.2288,0.3238,0.4778,0.5618,
Amp_178,0.1248,0.1618,0.2248,0.3928,0.4278,0.5308,
Amp_173,0.2138,0.2648,0.3048,0.4318,0.5218,0.5008,
Amp_184,0.2898,0.3688,0.3628,0.4888,0.4908,0.5608,
Amp_176,0.1578,0.1968,0.2968,0.5138,0.5998,0.6688,
Amp_171,0.2598,0.3168,0.3558,0.5028,0.5268,0.5438,
Amp_158,0.1688,0.2308,0.2948,0.3818,0.3998,0.4288,
Amp_163,0.1488,0.1738,0.1778,0.2248,0.3098,0.3358,
Cam_123,0.01197142857143,0.01097142857143,0.00997142857143,0.01097142857143,0.09297142857143,0.06997142857143,
Cam_122,0.00997142857143,0.00897142857143,0.00797142857143,0.00597142857143,0.00497142857143,0.00497142857143,
Cam_135,0,0,0,0,0,0,
Cam_137,0.01097142857143,0.00997142857143,0.00897142857143,0.00697142857143,0.10697142857143,0.17297142857143,
Cam_102,0.01397142857143,0.01397142857143,0.01197142857143,0.00797142857143,0.02097142857143,0.12597142857143,
Nor_244,0.00097142857143,0.01897142857143,0,0,0,0,
Nor_243,0.00797142857143,0.00697142857143,0.00597142857143,0.00297142857143,0,0,
Nor_248,0.00497142857143,0.00397142857143,0.00397142857143,0.00397142857143,0.00197142857143,0.00197142857143,
Nor_239,0.00797142857143,0.00797142857143,0.00797142857143,0.00697142857143,0.00697142857143,0.00697142857143,
Nor_233,0.22597142857143,0.28297142857143,0.35097142857143,0.59097142857143,0.79097142857143,0.69597142857143,
Nor_228,0.00297142857143,0.00197142857143,0.00197142857143,0.00097142857143,0,0,
Nor_253,0.19197142857143,0.24997142857143,0.30297142857143,0.45397142857143,0.66597142857143,0.76597142857143,
Nor_246,0.00897142857143,0.01297142857143,0.00997142857143,0.00497142857143,0.00497142857143,0.00497142857143,
Nor_247,0.03297142857143,0.04997142857143,0.06397142857143,0.07797142857143,0.09897142857143,0.12197142857143,
Nor_242,0.16597142857143,0.20497142857143,0.25797142857143,0.36397142857143,0.53597142857143,0.59797142857143,
Nor_256,0.17297142857143,0.23697142857143,0.29097142857143,0.25397142857143,0.14297142857143,0.10597142857143,
Nor_257,0.01397142857143,0.01297142857143,0.01197142857143,0.01097142857143,0.00897142857143,0.00897142857143,
Nor_251,0.07597142857143,0.09897142857143,0.10197142857143,0.16297142857143,0.30697142857143,0.39797142857143,
Nor_221,0.00197142857143,0.00197142857143,0.00197142857143,0,0,0,
Nor_261,0.00397142857143,0.00397142857143,0.00397142857143,0.00397142857143,0.00397142857143,0.00397142857143,
Nor_223,0.00797142857143,0.00897142857143,0.01497142857143,0.18097142857143,0.55197142857143,0.61897142857143,
Nor_179,0.03797142857143,0.06997142857143,0.14597142857143,0.27897142857143,0.60197142857143,0.68497142857143,
Nor_184,0.00797142857143,0.01097142857143,0.01097142857143,0.00497142857143,0.00397142857143,0.00397142857143,
Nor_215,0.01197142857143,0.02197142857143,0.06297142857143,0.20097142857143,0.37897142857143,0.38297142857143,
Nor_166,0.01097142857143,0.01197142857143,0.00997142857143,0.00697142857143,0.00597142857143,0.00597142857143,
Nor_189,0.01197142857143,0.01197142857143,0.01097142857143,0.01097142857143,0.00997142857143,0.00997142857143,
Nor_199,0.12897142857143,0.17497142857143,0.22297142857143,0.37097142857143,0.54997142857143,0.59497142857143,
Nor_205,0.00397142857143,0.00397142857143,0.00497142857143,0.00397142857143,0.00297142857143,0.00297142857143,
Nor_204,0.02297142857143,0.02197142857143,0.01997142857143,0.01497142857143,0.01097142857143,0.00997142857143,
Nor_171,0.02097142857143,0.01797142857143,0.02097142857143,0.12997142857143,0.26097142857143,0.30997142857143,
Nor_176,0.00797142857143,0.00697142857143,0.00597142857143,0.00397142857143,0.00097142857143,0,
Nor_218,0.08397142857143,0.11097142857143,0.10897142857143,0.15797142857143,0.31097142857143,0.31097142857143,
Nor_208,0.00997142857143,0.00997142857143,0.00697142857143,0.00697142857143,0.00597142857143,0.00497142857143,
Nor_177,0.04897142857143,0.08697142857143,0.13997142857143,0.24997142857143,0.43697142857143,0.51797142857143,
Nor_168,0.16097142857143,0.19597142857143,0.23797142857143,0.37397142857143,0.64497142857143,0.79897142857143,
Nor_186,0.19197142857143,0.23697142857143,0.28897142857143,0.43697142857143,0.63197142857143,0.68197142857143,
Nor_181,0.01397142857143,0.01597142857143,0.01497142857143,0.00997142857143,0.00797142857143,0.00797142857143,
Nor_187,0.00897142857143,0.00897142857143,0.00997142857143,0.00697142857143,0.00797142857143,0.00697142857143,
Nor_197,0.16797142857143,0.23497142857143,0.29497142857143,0.33397142857143,0.30997142857143,0.23997142857143,
Nor_196,0.00997142857143,0.01197142857143,0.00897142857143,0.00697142857143,0.00497142857143,0.00497142857143,
Nor_211,0.15197142857143,0.20497142857143,0.22797142857143,0.22597142857143,0.25097142857143,0.24297142857143,
Nor_212,0,0,0,0,0,0,
Nor_202,0,0,0,0,0,0,
Nor_230,0.01597142857143,0.02397142857143,0.03797142857143,0.06497142857143,0.07397142857143,0.06697142857143,
Nor_225,0.01997142857143,0.02897142857143,0.04597142857143,0.06797142857143,0.09697142857143,0.13197142857143,
Nor_234,0.00097142857143,0.00097142857143,0.00097142857143,0,0,0,
Nor_240,0.00497142857143,0.00497142857143,0.00497142857143,0.00497142857143,0.00397142857143,0.00397142857143,
Nor_235,0.07697142857143,0.10097142857143,0.15197142857143,0.19097142857143,0.32897142857143,0.44897142857143,
Nor_224,0.00597142857143,0.00597142857143,0.00597142857143,0.00497142857143,0.00397142857143,0.00497142857143,
Nor_250,0.11097142857143,0.08997142857143,0.09897142857143,0.16397142857143,0.25597142857143,0.32097142857143,
Nor_191,0.09197142857143,0.10297142857143,0.09697142857143,0.22897142857143,0.40397142857143,0.36397142857143,
Nor_172,0.02097142857143,0.03297142857143,0.04497142857143,0.06697142857143,0.08797142857143,0.11297142857143,
Nor_193,0.00597142857143,0.00697142857143,0.00697142857143,0.00697142857143,0.00697142857143,0.00697142857143,
Nor_173,0.00097142857143,0.00097142857143,0.00097142857143,0,0.21597142857143,0.33897142857143,
Nor_207,0,0,0,0,0,0,
Nor_200,0.02497142857143,0.03497142857143,0.04697142857143,0.10897142857143,0.12597142857143,0.12897142857143,
Nor_227,0.03197142857143,0.04597142857143,0.07797142857143,0.20297142857143,0.33497142857143,0.42197142857143,
Nor_255,0.05497142857143,0.08597142857143,0.12397142857143,0.20597142857143,0.29497142857143,0.36697142857143,
Nor_252,0.00797142857143,0.00797142857143,0.00697142857143,0.00697142857143,0.00597142857143,0.00597142857143,
Nor_169,0.03497142857143,0.03597142857143,0.03297142857143,0.08397142857143,0.26897142857143,0.23897142857143,
Nor_220,0.00497142857143,0.00697142857143,0.00597142857143,0.00397142857143,0.00497142857143,0.00497142857143,
Nor_183,0.00397142857143,0.00497142857143,0.00497142857143,0.00497142857143,0.00497142857143,0.00497142857143,
Nor_182,0,0,0,0,0,0,
Amp_159,0.10897142857143,0.14197142857143,0.16497142857143,0.21397142857143,0.21897142857143,0.26697142857143,
Amp_164,0.17297142857143,0.24097142857143,0.28397142857143,0.33297142857143,0.40697142857143,0.42897142857143,
Amp_170,0.16597142857143,0.20997142857143,0.28297142857143,0.47497142857143,0.68997142857143,0.73297142857143,
Amp_183,0.13397142857143,0.19397142857143,0.24197142857143,0.33597142857143,0.36597142857143,0.42497142857143,
Amp_189,0.19497142857143,0.29697142857143,0.38597142857143,0.50997142857143,0.54397142857143,0.49997142857143,
Amp_154,0.16297142857143,0.20297142857143,0.23097142857143,0.39197142857143,0.57297142857143,0.70397142857143,
Amp_131,0.12197142857143,0.17097142857143,0.21597142857143,0.29097142857143,0.34097142857143,0.36097142857143,
Amp_138,0.13697142857143,0.15497142857143,0.20997142857143,0.32597142857143,0.46297142857143,0.51397142857143,
Amp_128,0.14697142857143,0.19097142857143,0.24097142857143,0.33197142857143,0.43697142857143,0.43597142857143,
Amp_107,0.11897142857143,0.15097142857143,0.17497142857143,0.19997142857143,0.21597142857143,0.21797142857143,
Amp_133,0.09097142857143,0.13897142857143,0.12997142857143,0.18297142857143,0.19797142857143,0.18197142857143,
Amp_116,0.15097142857143,0.19497142857143,0.26097142857143,0.47497142857143,0.52897142857143,0.51497142857143,
Amp_139,0.11497142857143,0.13197142857143,0.14597142857143,0.13097142857143,0.20897142857143,0.23397142857143,
Amp_122,0.14797142857143,0.19697142857143,0.33397142857143,0.47797142857143,0.54097142857143,0.53797142857143,
Amp_140,0.04397142857143,0.05197142857143,0.07697142857143,0.09097142857143,0.23497142857143,0.39697142857143,
Kan_112,0.01097142857143,0.00997142857143,0.00997142857143,0.00697142857143,0.00397142857143,0.00297142857143,
Kan_163,0.20297142857143,0.28697142857143,0.33697142857143,0.56797142857143,0.71297142857143,0.73497142857143,
Kan_159,0.23197142857143,0.31497142857143,0.39597142857143,0.62797142857143,0.72697142857143,0.75097142857143,
Kan_127,0.06297142857143,0.08997142857143,0.12197142857143,0.17497142857143,0.24397142857143,0.26297142857143,
Kan_110,0.01497142857143,0.01397142857143,0.01497142857143,0.07597142857143,0.34897142857143,0.50397142857143,
Kan_115,0.13497142857143,0.14597142857143,0.17597142857143,0.23897142857143,0.28697142857143,0.31797142857143,
Kan_119,0.20297142857143,0.25497142857143,0.27197142857143,0.52397142857143,0.63397142857143,0.66397142857143,
Kan_141,0.00797142857143,0.01197142857143,0.01097142857143,0.00397142857143,0.00197142857143,0.00197142857143,
Kan_155,0.17797142857143,0.26897142857143,0.39097142857143,0.48697142857143,0.54997142857143,0.56897142857143,
Kan_197,0.18497142857143,0.25897142857143,0.31897142857143,0.37497142857143,0.37497142857143,0.42997142857143,
Kan_183,0.01597142857143,0.01597142857143,0.01497142857143,0.04197142857143,0.12997142857143,0.20997142857143,
Kan_172,0.15397142857143,0.21897142857143,0.25497142857143,0.46297142857143,0.59797142857143,0.63597142857143,
Kan_177,0.18897142857143,0.24697142857143,0.30497142857143,0.42197142857143,0.65997142857143,0.73297142857143,
Kan_194,0.17497142857143,0.23397142857143,0.29897142857143,0.50197142857143,0.69597142857143,0.71897142857143,
Kan_175,0.05197142857143,0.05697142857143,0.06697142857143,0.14897142857143,0.38097142857143,0.56097142857143,
Kan_170,0.00697142857143,0.00697142857143,0.00597142857143,0.00497142857143,0.01197142857143,0.08697142857143,
Kan_181,0.15597142857143,0.20397142857143,0.25497142857143,0.39397142857143,0.62897142857143,0.58497142857143,
Kan_118,0.12697142857143,0.22597142857143,0.28097142857143,0.42797142857143,0.58297142857143,0.68197142857143,
Kan_132,0.04197142857143,0.04897142857143,0.06197142857143,0.09997142857143,0.22497142857143,0.25997142857143,
Kan_122,0.00897142857143,0.01397142857143,0.03397142857143,0.13897142857143,0.33297142857143,0.45797142857143,
Kan_189,0.00997142857143,0.01097142857143,0.01997142857143,0.11697142857143,0.33097142857143,0.40397142857143,
Kan_146,0.11097142857143,0.14997142857143,0.18697142857143,0.23497142857143,0.31197142857143,0.24997142857143,
Kan_190,0.00997142857143,0.00997142857143,0.01297142857143,0.00797142857143,0.00697142857143,0.00597142857143,
Kan_201,0,0,0,0,0,0,
Kan_139,0.11397142857143,0.16697142857143,0.20397142857143,0.34197142857143,0.66297142857143,0.75097142857143,
Tet_84,0.16997142857143,0.24297142857143,0.31197142857143,0.46797142857143,0.65997142857143,0.60397142857143,
Tet_79,0.13597142857143,0.14497142857143,0.18397142857143,0.42097142857143,0.62997142857143,0.63897142857143,
Tet_83,0.22497142857143,0.26197142857143,0.30697142857143,0.51897142857143,0.72397142857143,0.86897142857143,
Tet_108,0.21597142857143,0.25097142857143,0.30497142857143,0.39097142857143,0.55297142857143,0.61497142857143,
Tet_113,0.21497142857143,0.25197142857143,0.26997142857143,0.35797142857143,0.42797142857143,0.40297142857143,
Tet_81,0.15997142857143,0.21597142857143,0.26497142857143,0.51297142857143,0.59097142857143,0.67597142857143,
Tet_97,0.22197142857143,0.27597142857143,0.30397142857143,0.43197142857143,0.59797142857143,0.67197142857143,
Tet_107,0.17997142857143,0.25597142857143,0.27097142857143,0.41697142857143,0.52297142857143,0.50097142857143,
Tet_112,0.11497142857143,0.13397142857143,0.16697142857143,0.24897142857143,0.44197142857143,0.53397142857143,
Tet_117,0.14697142857143,0.20997142857143,0.24297142857143,0.37697142857143,0.42997142857143,0.46497142857143,
Tet_122,0.15297142857143,0.17097142857143,0.19897142857143,0.34197142857143,0.46797142857143,0.49997142857143,
Tet_129,0.21197142857143,0.24997142857143,0.29497142857143,0.45697142857143,0.63397142857143,0.65897142857143,
Tet_125,0.24797142857143,0.29197142857143,0.26297142857143,0.43297142857143,0.84497142857143,0.92197142857143,
Tet_126,0.13397142857143,0.15697142857143,0.20097142857143,0.39397142857143,0.59097142857143,0.60497142857143,
Tet_105,0.16997142857143,0.21197142857143,0.25697142857143,0.37297142857143,0.56097142857143,0.65397142857143,
Tet_100,0.14097142857143,0.18397142857143,0.23497142857143,0.36097142857143,0.56197142857143,0.63397142857143,
Tet_158,0.27597142857143,0.29097142857143,0.32497142857143,0.45897142857143,0.57797142857143,0.60397142857143,
Tet_147,0.15697142857143,0.22197142857143,0.28297142857143,0.39297142857143,0.56097142857143,0.57797142857143,
Tet_155,0.13597142857143,0.18797142857143,0.22097142857143,0.33097142857143,0.49497142857143,0.71497142857143,
Tet_143,0.25997142857143,0.30297142857143,0.34297142857143,0.51297142857143,0.57797142857143,0.57897142857143,
Tet_140,0.20197142857143,0.22997142857143,0.23097142857143,0.49597142857143,0.74497142857143,0.83597142857143,
Tet_145,0.16897142857143,0.19797142857143,0.24297142857143,0.46397142857143,0.73997142857143,0.76997142857143,
Tet_146,0.17997142857143,0.21597142857143,0.20797142857143,0.40697142857143,0.72497142857143,0.74097142857143,
Tet_138,0.17697142857143,0.22197142857143,0.25597142857143,0.38197142857143,0.55897142857143,0.65897142857143,
Tet_182,0.21513333333333,0.25813333333333,0.30013333333333,0.37513333333333,0.53713333333333,,
Tet_181,0.21313333333333,0.23013333333333,0.24313333333333,0.32613333333333,0.55913333333333,,
Tet_187,0.23213333333333,0.27713333333333,0.32813333333333,0.43413333333333,0.55313333333333,,
Tet_186,0.16013333333333,0.23513333333333,0.27513333333333,0.45713333333333,0.66813333333333,,
Tet_216,0.18813333333333,0.25013333333333,0.30513333333333,0.46113333333333,0.63713333333333,,
Tet_200,0.22213333333333,0.32713333333333,0.37413333333333,0.52413333333333,0.62813333333333,,
Tet_211,0.18613333333333,0.23913333333333,0.28413333333333,0.42313333333333,0.44413333333333,,
Tet_196,0.18813333333333,0.25913333333333,0.30813333333333,0.55713333333333,0.72413333333333,,
Tet_201,0.28313333333333,0.41713333333333,0.43213333333333,0.50813333333333,0.47013333333333,,
Tet_206,0.13713333333333,0.22113333333333,0.26213333333333,0.38613333333333,0.50913333333333,,
Tet_197,0.19813333333333,0.27513333333333,0.32113333333333,0.57513333333333,0.75013333333333,,
Tet_202,0.20013333333333,0.24813333333333,0.26913333333333,0.30213333333333,0.45713333333333,,
Tet_191,0.13713333333333,0.21713333333333,0.25513333333333,0.39013333333333,0.47213333333333,,
Cam_182,0.29613333333333,0.29413333333333,0.29113333333333,0.41213333333333,0.51513333333333,,
Cam_164,0.22713333333333,0.27013333333333,0.28213333333333,0.45713333333333,0.50013333333333,,
Cam_175,0.20913333333333,0.28513333333333,0.32613333333333,0.39113333333333,0.54613333333333,,
Cam_158,0.05513333333333,0.12813333333333,0.09313333333333,0.05713333333333,0.22513333333333,,
Cam_167,0.24813333333333,0.24313333333333,0.25613333333333,0.33213333333333,0.36413333333333,,
Cam_162,0.21213333333333,0.29913333333333,0.33313333333333,0.44113333333333,0.55913333333333,,
Cam_183,0.34413333333333,0.35713333333333,0.36313333333333,0.46613333333333,0.51213333333333,,
Cam_193,0.01913333333333,0.01713333333333,0.01513333333333,0.01113333333333,0.06913333333333,,
Cam_190,0.01413333333333,0.01013333333333,0.00713333333333,0.00413333333333,0.10013333333333,,
Cam_178,0.26113333333333,0.28013333333333,0.29513333333333,0.35713333333333,0.35713333333333,,
Cam_197,0.07113333333333,0.09413333333333,0.10413333333333,0.13913333333333,0.18413333333333,,
Cam_203,0.32113333333333,0.36613333333333,0.36013333333333,0.47313333333333,0.58413333333333,,
Cam_198,0.19613333333333,0.18013333333333,0.18913333333333,0.22313333333333,0.33713333333333,,
Cam_185,0.12813333333333,0.11313333333333,0.11013333333333,0.24413333333333,0.36913333333333,,
Cam_171,0.03313333333333,0.03413333333333,0.03813333333333,0.03913333333333,0.18813333333333,,
Cam_200,0.28413333333333,0.29613333333333,0.30613333333333,0.40213333333333,0.47413333333333,,
Cam_160,0,0,0,0,0,,
Cam_161,0.00113333333333,0.00113333333333,0.00113333333333,0,0.00013333333333,,
Tet_185,0.34013333333333,0.30013333333333,0.34713333333333,0.33213333333333,0.50013333333333,,
Tet_184,0.30713333333333,0.33413333333333,0.38913333333333,0.46613333333333,0.53113333333333,,
Tet_217,0.00413333333333,0.00213333333333,0.00113333333333,0.00013333333333,0.03913333333333,,
Tet_207,0.01013333333333,0.01013333333333,0.00813333333333,0.00813333333333,0.05113333333333,,
Tet_188,0.08513333333333,0.11013333333333,0.14813333333333,0.22313333333333,0.24613333333333,,
Tet_193,0.09113333333333,0.13413333333333,0.16613333333333,0.34213333333333,0.57113333333333,,
Tet_176,0.11713333333333,0.16413333333333,0.19013333333333,0.34313333333333,0.62413333333333,,
Tet_203,0.01813333333333,0.04213333333333,0.07213333333333,0.17913333333333,0.20813333333333,,
Tet_179,0.19513333333333,0.20513333333333,0.20913333333333,0.31813333333333,0.36613333333333,,
Tet_222,0.15513333333333,0.16313333333333,0.19013333333333,0.28213333333333,0.35013333333333,,
Tet_212,0.00013333333333,0,0,0,0,,
Tet_218,0.21313333333333,0.27613333333333,0.33113333333333,0.46713333333333,0.67613333333333,,
Tet_189,0.21213333333333,0.17813333333333,0.19213333333333,0.26413333333333,0.43913333333333,,
Cam_168,0.04713333333333,0.06913333333333,0.07513333333333,0.02213333333333,0.02513333333333,,
Cam_187,0.03013333333333,0.01713333333333,0.00913333333333,0.17313333333333,0.16013333333333,,
Cam_186,0.00213333333333,0.00213333333333,0.00113333333333,0.00113333333333,0.00113333333333,,
Tet_221,0.00213333333333,0.00213333333333,0.00113333333333,0.00113333333333,0.00113333333333,,
Tet_205,0.03913333333333,0.06913333333333,0.10013333333333,0.21413333333333,0.29813333333333,,
Tet_175,0.07713333333333,0.07713333333333,0.08513333333333,0.21613333333333,0.33013333333333,,
Cam_191,0,0.00113333333333,0.00913333333333,0.07913333333333,0.17013333333333,,
Cam_195,0.06913333333333,0.09313333333333,0.13513333333333,0.31513333333333,0.43213333333333,,
Tet_177,0.03013333333333,0.01613333333333,0.01813333333333,0.09413333333333,0.17013333333333,,
Amp_202,0.25613333333333,0.33213333333333,0.35813333333333,0.54213333333333,0.60813333333333,,
Amp_199,0.23813333333333,0.28613333333333,0.34313333333333,0.43713333333333,0.60413333333333,,
Amp_203,0.28013333333333,0.31413333333333,0.36113333333333,0.57113333333333,0.52013333333333,,
Amp_252,0.25913333333333,0.29313333333333,0.31913333333333,0.56013333333333,0.57113333333333,,
Amp_257,0.31513333333333,0.36713333333333,0.42013333333333,0.46513333333333,0.49313333333333,,
Amp_251,0.24413333333333,0.28113333333333,0.30813333333333,0.37313333333333,0.45813333333333,,
Amp_249,0.31613333333333,0.33013333333333,0.34413333333333,0.51713333333333,0.59113333333333,,
Amp_244,0.23513333333333,0.30513333333333,0.34313333333333,0.43613333333333,0.56913333333333,,
Amp_236,0.19113333333333,0.25113333333333,0.30113333333333,0.49713333333333,0.70913333333333,,
Amp_231,0.26313333333333,0.34813333333333,0.37613333333333,0.53713333333333,0.64413333333333,,
Amp_245,0.21913333333333,0.27713333333333,0.30913333333333,0.42413333333333,0.55213333333333,,
Amp_214,0.19313333333333,0.23113333333333,0.25413333333333,0.32713333333333,0.45613333333333,,
Amp_241,0.33013333333333,0.39113333333333,0.42413333333333,0.56313333333333,0.56913333333333,,
Amp_242,0.18513333333333,0.22013333333333,0.24313333333333,0.25713333333333,0.30013333333333,,
Amp_232,0.22713333333333,0.28513333333333,0.31513333333333,0.35013333333333,0.44413333333333,,
Amp_233,0.30813333333333,0.30313333333333,0.30113333333333,0.39413333333333,0.39413333333333,,
Amp_239,0.22313333333333,0.26613333333333,0.30613333333333,0.52513333333333,0.55713333333333,,
Amp_227,0.28813333333333,0.31213333333333,0.33013333333333,0.60613333333333,0.65113333333333,,
Amp_238,0.23113333333333,0.30113333333333,0.32313333333333,0.43713333333333,0.54613333333333,,
Amp_235,0.21413333333333,0.23013333333333,0.27113333333333,0.28713333333333,0.58313333333333,,
Amp_221,0.23213333333333,0.22813333333333,0.21813333333333,0.39113333333333,0.52913333333333,,
Amp_206,0.17413333333333,0.21313333333333,0.20213333333333,0.32613333333333,0.34513333333333,,
Amp_217,0.24813333333333,0.29513333333333,0.34713333333333,0.52713333333333,0.68313333333333,,
Amp_218,0.28813333333333,0.36213333333333,0.39413333333333,0.58413333333333,0.70213333333333,,
Amp_225,0.14613333333333,0.15513333333333,0.17413333333333,0.21813333333333,0.32913333333333,,
Amp_229,0.15313333333333,0.19113333333333,0.22913333333333,0.26913333333333,0.39013333333333,,
Amp_240,0.32013333333333,0.38113333333333,0.43313333333333,0.54113333333333,0.66213333333333,,
Amp_230,0.19113333333333,0.23113333333333,0.26213333333333,0.36613333333333,0.46813333333333,,
Tet_132,0.01765714285714,0.01665714285714,0.01665714285714,0.01365714285714,0.01065714285714,,
Tet_135,0.03765714285714,0.03665714285714,0.03165714285714,0.03165714285714,0.07565714285714,,
Tet_106,0,0,0,0,0,,
Tet_101,0.20965714285714,0.28565714285714,0.34065714285714,0.47265714285714,0.84065714285714,,
Tet_82,0.00465714285714,0.00465714285714,0.00365714285714,0.00465714285714,0.00365714285714,,
Tet_80,0.02365714285714,0.02765714285714,0.02965714285714,0.06565714285714,0.09365714285714,,
Tet_86,0.21965714285714,0.35065714285714,0.41465714285714,0.65365714285714,0.74565714285714,,
Tet_85,0.12065714285714,0.17465714285714,0.20265714285714,0.31765714285714,0.35265714285714,,
Tet_141,0.05665714285714,0.10565714285714,0.14365714285714,0.16765714285714,0.25665714285714,,
Tet_168,0.24065714285714,0.34865714285714,0.40365714285714,0.56465714285714,0.59165714285714,,
Tet_172,0.19865714285714,0.21065714285714,0.23765714285714,0.32665714285714,0.51565714285714,,
Tet_162,0.15465714285714,0.18665714285714,0.19565714285714,0.30165714285714,0.52765714285714,,
Tet_167,0.17865714285714,0.22465714285714,0.24765714285714,0.36665714285714,0.50665714285714,,
Tet_118,0.00465714285714,0.00465714285714,0.00365714285714,0.00365714285714,0.00465714285714,,
Tet_120,0.17565714285714,0.25165714285714,0.31865714285714,0.43665714285714,0.55665714285714,,
Tet_88,0.15565714285714,0.39065714285714,0.27365714285714,0.35465714285714,0.42465714285714,,
Tet_91,0.20665714285714,0.26965714285714,0.31065714285714,0.40965714285714,0.55365714285714,,
Tet_169,0.00065714285714,0,0,0,0,,
Tet_110,0.14065714285714,0.20365714285714,0.24865714285714,0.40865714285714,0.59565714285714,,
Tet_93,0.10765714285714,0.15965714285714,0.17465714285714,0.29265714285714,0.48365714285714,,
Tet_99,0.13665714285714,0.20965714285714,0.26065714285714,0.33265714285714,0.44665714285714,,
Tet_150,0.18365714285714,0.25065714285714,0.28865714285714,0.37765714285714,0.46165714285714,,
Tet_153,0.18565714285714,0.20965714285714,0.25965714285714,0.47565714285714,0.64765714285714,,
Tet_139,0.21465714285714,0.30465714285714,0.35065714285714,0.53865714285714,0.77165714285714,,
Tet_157,0.37465714285714,0.32565714285714,0.39065714285714,0.46565714285714,0.53965714285714,,
Tet_171,0.00565714285714,0.00565714285714,0.00465714285714,0.00565714285714,0.00665714285714,,
Tet_144,0.08665714285714,0.13665714285714,0.16765714285714,0.23765714285714,0.37865714285714,,
Tet_103,0.16765714285714,0.22365714285714,0.27265714285714,0.46565714285714,0.55665714285714,,
Tet_87,0.08965714285714,0.13365714285714,0.16665714285714,0.31765714285714,0.49265714285714,,
Tet_149,0.07365714285714,0.12365714285714,0.13065714285714,0.29265714285714,0.47165714285714,,
Tet_102,0.12165714285714,0.16365714285714,0.19165714285714,0.28565714285714,0.34665714285714,,
Tet_166,0.09065714285714,0.13265714285714,0.16265714285714,0.29765714285714,0.42665714285714,,
Tet_151,0.09565714285714,0.09165714285714,0.08265714285714,0.07665714285714,0.09165714285714,,
Tet_123,0.06565714285714,0.08765714285714,0.10665714285714,0.22665714285714,0.37565714285714,,
Tet_124,0.11165714285714,0.14165714285714,0.16065714285714,0.22565714285714,0.28565714285714,,
Tet_77,0.13365714285714,0.19365714285714,0.23365714285714,0.34165714285714,0.49765714285714,,
Tet_148,0.01565714285714,0.01465714285714,0.01265714285714,0.00965714285714,0.01065714285714,,
Tet_114,0.10465714285714,0.12165714285714,0.15365714285714,0.14565714285714,0.26965714285714,,
Tet_115,0,0,0,0,0,,
Tet_163,0.19065714285714,0.23265714285714,0.27165714285714,0.38565714285714,0.55665714285714,,
Tet_164,0.11465714285714,0.15565714285714,0.16565714285714,0.17265714285714,0.27165714285714,,
Tet_121,0.08165714285714,0.13365714285714,0.16365714285714,0.21865714285714,0.25265714285714,,
Tet_154,0.16565714285714,0.35065714285714,0.38565714285714,0.47565714285714,0.53565714285714,,
Tet_131,0.18565714285714,0.18465714285714,0.18365714285714,0.21565714285714,0.22865714285714,,
Tet_116,0.08065714285714,0.12265714285714,0.15565714285714,0.19365714285714,0.24065714285714,,
Tet_128,0.00565714285714,0.00565714285714,0.00465714285714,0.00265714285714,0.00165714285714,,
Tet_130,0.00965714285714,0.01065714285714,0.02165714285714,0.16965714285714,0.32165714285714,,
Tet_127,0.00365714285714,0.00365714285714,0.00365714285714,0.01465714285714,0.11465714285714,,
Tet_170,0.14965714285714,0.22565714285714,0.34765714285714,0.46365714285714,0.52365714285714,,
Tet_111,0.09065714285714,0.13565714285714,0.17665714285714,0.28265714285714,0.35765714285714,,
Tet_96,0,0,0,0,0.02065714285714,,
Tet_119,0.15465714285714,0.30265714285714,0.37565714285714,0.47565714285714,0.51365714285714,,
Tet_161,0.12465714285714,0.18365714285714,0.31165714285714,0.43565714285714,0.48165714285714,,
Tet_95,0.10165714285714,0.14565714285714,0.17565714285714,0.38365714285714,0.43165714285714,,
Tet_133,0.01365714285714,0.01065714285714,0.00665714285714,0.00365714285714,0.00065714285714,,
Tet_90,0.00565714285714,0.00465714285714,0.00465714285714,0.00465714285714,0.00365714285714,,
Tet_174,0.15865714285714,0.20065714285714,0.24665714285714,0.42665714285714,0.65365714285714,,
Tet_173,0.08965714285714,0.12865714285714,0.16165714285714,0.26365714285714,0.50165714285714,,
Tet_178,0.18065714285714,0.26565714285714,0.30565714285714,0.39965714285714,0.47765714285714,,
Tet_194,0.13865714285714,0.16765714285714,0.15365714285714,0.14665714285714,0.24865714285714,,
Tet_220,0.18465714285714,0.24265714285714,0.29865714285714,0.40465714285714,0.62265714285714,,
Tet_219,0.20465714285714,0.24765714285714,0.29265714285714,0.38665714285714,0.48665714285714,,
Cam_199,0.15965714285714,0.20665714285714,0.25865714285714,0.38465714285714,0.45265714285714,,
Cam_204,0.16665714285714,0.21265714285714,0.24865714285714,0.47165714285714,0.41265714285714,,
Cam_201,0.19565714285714,0.22665714285714,0.25965714285714,0.39665714285714,0.41565714285714,,
Cam_194,0.23565714285714,0.30365714285714,0.37465714285714,0.45265714285714,0.55365714285714,,
Cam_180,0.16665714285714,0.22365714285714,0.27165714285714,0.46265714285714,0.64265714285714,,
Cam_189,0.15165714285714,0.16565714285714,0.17965714285714,0.25065714285714,0.49265714285714,,
Cam_170,0.27465714285714,0.27665714285714,0.29665714285714,0.42165714285714,0.52665714285714,,
Cam_184,0.19365714285714,0.22665714285714,0.26365714285714,0.35765714285714,0.42265714285714,,
Cam_177,0.16565714285714,0.21065714285714,0.25065714285714,0.42965714285714,0.58665714285714,,
Cam_157,0.16765714285714,0.20965714285714,0.26465714285714,0.35965714285714,0.44465714285714,,
Cam_156,0.29365714285714,0.35965714285714,0.39765714285714,0.57165714285714,0.57265714285714,,
Cam_179,0.19165714285714,0.19965714285714,0.20265714285714,0.26865714285714,0.31565714285714,,
Cam_166,0.12265714285714,0.09065714285714,0.11765714285714,0.19965714285714,0.23365714285714,,
Cam_159,0.23865714285714,0.29965714285714,0.32765714285714,0.45965714285714,0.56065714285714,,
Cam_163,0.27865714285714,0.28865714285714,0.31865714285714,0.40965714285714,0.49765714285714,,
Cam_192,0.22265714285714,0.26665714285714,0.28865714285714,0.38665714285714,0.43665714285714,,
Tet_199,0.13665714285714,0.19565714285714,0.23365714285714,0.33665714285714,0.39365714285714,,
Tet_210,0.12365714285714,0.16965714285714,0.22765714285714,0.38265714285714,0.67365714285714,,
Tet_215,0.17965714285714,0.22265714285714,0.25965714285714,0.35065714285714,0.47465714285714,,
Kan_229,0.01257142857143,0.02357142857143,0.03357142857143,0.08957142857143,0.14257142857143,0.04757142857143,
Kan_259,0.01057142857143,0.01757142857143,0.03457142857143,0.14557142857143,0.20757142857143,0.11757142857143,
Kan_236,0,0,0,0,0.02357142857143,0.06057142857143,
Kan_242,0.02657142857143,0.06157142857143,0.11257142857143,0.21057142857143,0.31957142857143,0.34857142857143,
Kan_247,0.01057142857143,0.01357142857143,0.01957142857143,0.09757142857143,0.22657142857143,0.15857142857143,
Kan_243,0,0,0,0,0,0,
Kan_245,0,0,0,0,0,0,
Kan_235,0.00357142857143,0.00457142857143,0.00757142857143,0.07157142857143,0.18757142857143,0.24857142857143,
Kan_230,0.00457142857143,0.00557142857143,0.01257142857143,0.13057142857143,0.24957142857143,0.22757142857143,
Kan_261,0.00157142857143,0.01257142857143,0.02757142857143,0.07557142857143,0.10857142857143,0.12857142857143,
Kan_216,0.00157142857143,0.00757142857143,0.02357142857143,0.16357142857143,0.28957142857143,0.25057142857143,
Kan_210,0.01457142857143,0.05457142857143,0.10057142857143,0.20457142857143,0.29157142857143,0.28557142857143,
Kan_211,0.03757142857143,0.08057142857143,0.12557142857143,0.22557142857143,0.30557142857143,0.32357142857143,
Kan_212,0.02157142857143,0.05557142857143,0.10457142857143,0.19157142857143,0.29657142857143,0.31657142857143,
Kan_263,0,0,0.00657142857143,0.13257142857143,0.24757142857143,0.21657142857143,
Kan_255,0.00357142857143,0.00457142857143,0.00757142857143,0.08357142857143,0.21257142857143,0.18857142857143,
Kan_253,0.01657142857143,0.02257142857143,0.03957142857143,0.15757142857143,0.25857142857143,0.22957142857143,
Kan_257,0,0,0.00657142857143,0.05857142857143,0.20457142857143,0.17057142857143,
Kan_240,0,0,0.00057142857143,0.04157142857143,0.20857142857143,0.20557142857143,
Kan_260,0.00257142857143,0.00557142857143,0.01457142857143,0.14557142857143,0.26457142857143,0.23957142857143,
Kan_254,0.02757142857143,0.06057142857143,0.08857142857143,0.16057142857143,0.11957142857143,0.12757142857143,
Nor_262,0.00557142857143,0.00457142857143,0.00457142857143,0.00357142857143,0.00257142857143,0.00257142857143,
Nor_293,0.00357142857143,0.00357142857143,0.00357142857143,0.00357142857143,0.00457142857143,0.00457142857143,
Nor_300,0.00057142857143,0.00157142857143,0.00057142857143,0.00057142857143,0.00157142857143,0.00157142857143,
Nor_305,0.01557142857143,0.03757142857143,0.07157142857143,0.14257142857143,0.20957142857143,0.26657142857143,
Nor_294,0.04457142857143,0.07357142857143,0.10357142857143,0.19657142857143,0.27457142857143,0.29357142857143,
Nor_275,0,0,0,0.03857142857143,0.09457142857143,0.13457142857143,
Nor_301,0.04357142857143,0.07057142857143,0.10057142857143,0.19357142857143,0.27857142857143,0.30657142857143,
Nor_308,0.01057142857143,0.01957142857143,0.00957142857143,0.01257142857143,0.00657142857143,0.02357142857143,
Nor_323,0.00957142857143,0.04357142857143,0.06357142857143,0.10657142857143,0.16257142857143,0.18757142857143,
Nor_268,0,0,0,0,0,0,
Nor_325,0.03457142857143,0.04857142857143,0.07757142857143,0.16957142857143,0.23957142857143,0.22157142857143,
Nor_292,0.00657142857143,0.00657142857143,0.00657142857143,0.00657142857143,0.00757142857143,0.00757142857143,
Nor_311,0.15157142857143,0.18457142857143,0.21457142857143,0.29657142857143,0.37857142857143,0.39757142857143,
Nor_276,0.01257142857143,0.02557142857143,0.04757142857143,0.06157142857143,0.03057142857143,0.02457142857143,
Nor_277,0.00357142857143,0.00357142857143,0.00457142857143,0.08157142857143,0.25457142857143,0.26057142857143,
Nor_285,0.15657142857143,0.16857142857143,0.14857142857143,0.17457142857143,0.24957142857143,0.32457142857143,
Nor_280,0.00657142857143,0.00657142857143,0.00757142857143,0.00957142857143,0.01857142857143,0.04757142857143,
Nor_289,0,0,0,0,0,0,
Nor_299,0.00557142857143,0.00657142857143,0.00657142857143,0.00657142857143,0.09857142857143,0.06957142857143,
Nor_309,0.00757142857143,0.00757142857143,0.00857142857143,0.00857142857143,0.00857142857143,0.00857142857143,
Nor_281,0,0.01157142857143,0.04457142857143,0.18157142857143,0.28857142857143,0.28457142857143,
Nor_287,0,0,0,0,0,0,
Nor_316,0.00657142857143,0.01657142857143,0.04157142857143,0.17257142857143,0.26857142857143,0.24257142857143,
Nor_313,0.00657142857143,0.00757142857143,0.00757142857143,0.00957142857143,0.03457142857143,0.06657142857143,
Nor_291,0.29457142857143,0.35057142857143,0.38757142857143,0.54957142857143,0.70757142857143,0.75457142857143,
Nor_307,0.26457142857143,0.32757142857143,0.38057142857143,0.54657142857143,0.70757142857143,0.72057142857143,
Nor_303,0.00157142857143,0.00157142857143,0.00157142857143,0.00157142857143,0.00357142857143,0.00357142857143,
Nor_288,0.00057142857143,0.00057142857143,0.00057142857143,0.00157142857143,0.00057142857143,0.00157142857143,
Nor_269,0.00457142857143,0.01157142857143,0.02957142857143,0.16157142857143,0.25857142857143,0.20057142857143,
Nor_321,0,0,0,0,0,0,
Nor_272,0.01257142857143,0.01757142857143,0.02557142857143,0.05557142857143,0.11057142857143,0.20857142857143,
Amp_253,0.08357142857143,0.12957142857143,0.16057142857143,0.19957142857143,0.23157142857143,0.26757142857143,
Amp_208,0.03857142857143,0.07157142857143,0.09757142857143,0.15857142857143,0.24857142857143,0.32657142857143,
Amp_207,0.08257142857143,0.09157142857143,0.13357142857143,0.11657142857143,0.14457142857143,0.12957142857143,
Amp_215,0.02557142857143,0.06357142857143,0.07457142857143,0.08757142857143,0.17057142857143,0.18957142857143,
Amp_204204,0.10457142857143,0.12657142857143,0.14657142857143,0.27057142857143,0.32457142857143,0.22057142857143,
Amp_250,0.09757142857143,0.14957142857143,0.20957142857143,0.42957142857143,0.70157142857143,0.77957142857143,
Amp_213,0.00657142857143,0.01357142857143,0.03257142857143,0.17257142857143,0.28457142857143,0.26857142857143,
Amp_204,0.20357142857143,0.30257142857143,0.34657142857143,0.47157142857143,0.48157142857143,0.48657142857143,
Amp_216,0.19957142857143,0.23557142857143,0.27657142857143,0.34257142857143,0.43857142857143,0.39957142857143,
Amp_248,0.17557142857143,0.23457142857143,0.25957142857143,0.38857142857143,0.50557142857143,0.51057142857143,
Amp_201,0.14657142857143,0.20357142857143,0.25157142857143,0.28257142857143,0.27457142857143,0.28057142857143,
Amp_255,0.29357142857143,0.39157142857143,0.43557142857143,0.50157142857143,0.50157142857143,0.46757142857143,
Amp_224,0.22457142857143,0.26057142857143,0.32257142857143,0.49157142857143,0.61157142857143,0.66257142857143,
