Isolaadid,zb-1,zb-2,zb-3,zb-4,zb-5,zb-6,zb-7
Nor_141,0.1091,0.1351,0.1521,0.2241,0.2381,0.3321,-
Nor_160,0.0681,0.0891,0.1151,0.2071,0.3381,0.4661,-
Nor_131,-0.0109,-0.0089,-0.0039,0.0211,0.0401,0.0491,-
Nor_144,0.0531,0.0761,0.0961,0.1191,0.1571,0.1951,-
Nor_142,0.0081,0.0081,0.0101,0.0441,0.0921,0.1681,-
Nor_143,0.0631,0.0901,0.1191,0.1581,0.1121,0.1631,-
Nor_163,-0.0009,-0.0009,0.0011,0.0241,0.0951,0.1321,-
Nor_159,0.0441,0.0651,0.0871,0.1101,0.1481,0.2241,-
Nor_123,0.0401,0.0701,0.1201,0.2061,0.2281,0.3161,-
Nor_136,0.1171,0.1531,0.1991,0.2691,0.2021,0.2511,-
Nor_164,0.0961,0.1231,0.1631,0.1911,0.2221,0.2861,-
Nor_161,0.0691,0.0921,0.1111,0.1971,0.3541,0.4801,-
Nor_140,0.0601,0.0631,0.0731,0.0731,0.0911,0.1001,-
Nor_156,0.0391,0.0581,0.0941,0.1821,0.2481,0.3221,-
Nor_96,0.0461,0.0781,0.1111,0.1751,0.2731,0.4671,-
Nor_135,0.0741,0.0991,0.1121,0.2031,0.2401,0.2551,-
Nor_120,0.0291,0.0611,0.0591,0.1711,0.2761,0.3891,-
Nor_138,0.0231,0.0481,0.0771,0.1941,0.3421,0.3541,-
Nor_149,0.0821,0.1111,0.1431,0.2201,0.2541,0.2781,-
Nor_128,0.0511,0.0881,0.1161,0.3001,0.4421,0.5121,-
Nor_119,0.0631,0.0841,0.0971,0.1551,0.1571,0.2201,-
Nor_132,0.0861,0.1181,0.1451,0.2161,0.2251,0.2101,-
Nor_153,0.1101,0.1621,0.2101,0.2621,0.3401,0.3921,-
Nor_126,0.0951,0.1261,0.1471,0.2241,0.3081,0.3691,-
Nor_129,0.1051,0.1341,0.1521,0.2021,0.2481,0.2861,-
Nor_127,0.0101,0.0101,0.0121,0.0201,0.0331,0.0901,-
Nor_148,0.2331,0.3191,0.3851,0.4981,0.5021,0.5411,-
Nor_154,0.0601,0.0901,0.1171,0.4151,0.4511,0.4521,-
Nor_87,0.0261,0.0321,0.0471,0.0961,0.1621,0.2591,-
Nor_130,-0.0059,-0.0039,-0.0029,0.0061,0.0381,0.0521,-
Nor_139,-0.0009,0.0021,0.0111,0.1451,0.3101,0.4461,-
Nor_134,0.1831,0.2681,0.3051,0.4131,0.4431,0.4441,-
Nor_162,0.0611,0.0851,0.1091,0.1421,0.1441,0.1201,-
Nor_155,0.0001,0.0011,0.0071,0.1291,0.2841,0.5341,-
Nor_151,0.0041,0.0061,0.0171,0.1481,0.2651,0.4671,-
Nor_158,0.1091,0.1341,0.1641,0.2851,0.5541,0.6021,-
Nor_95,0.0131,0.0161,0.0261,0.1061,0.2311,0.2691,-
Nor_133,0.0141,0.0151,0.0191,0.0391,0.0941,0.1251,-
Cam_60,0.2121,0.3171,0.3801,0.4321,0.3761,0.3681,-
Cam_71,0.1761,0.2141,0.2421,0.3721,0.3971,0.4851,-
Cam_56,0.1611,0.2211,0.2581,0.4051,0.4951,0.5211,-
Cam_75,0.1671,0.2091,0.2371,0.2691,0.3131,0.2761,-
Cam_51,0.1961,0.2351,0.2991,0.4641,0.2771,0.5561,-
Cam_49,0.2081,0.2501,0.2901,0.3961,0.4241,0.4301,-
Cam_47,0.2061,0.2461,0.2971,0.4671,0.4751,0.4381,-
Cam_50,0.1421,0.1911,0.1901,0.3891,0.3821,0.4361,-
Cam_64,0.2001,0.1931,0.2291,0.4821,0.6131,0.4981,-
Cam_78,0.1321,0.1471,0.1851,0.3121,0.5611,0.6111,-
Cam_67,0.1911,0.2171,0.2651,0.3231,0.2851,0.3211,-
Cam_74,0.1701,0.2141,0.2451,0.2321,0.2141,0.2601,-
Cam_63,0.1021,0.1381,0.1841,0.2091,0.1681,0.2051,-
Cam_54,0.1651,0.2161,0.2681,0.4361,0.4271,0.3771,-
Cam_53,0.2141,0.3301,0.3951,0.4451,0.4161,0.4271,-
Amp_88,0.0771,0.1171,0.1521,0.2681,0.3841,0.5071,-
Amp_91,0.1171,0.1481,0.1791,0.2381,0.2641,0.4051,-
Amp_70,0.2311,0.2801,0.3111,0.4041,0.3951,0.4271,-
Amp_93,0.1281,0.1701,0.1941,0.2691,0.3461,0.5801,-
Amp_76,0.1861,0.2151,0.2661,0.3331,0.2371,0.3411,-
Amp_98,0.1601,0.2161,0.2711,0.4301,0.4831,0.6151,-
Amp_85,0.1131,0.1751,0.1711,0.3481,0.4481,0.4001,-
Amp_74,0.1971,0.2381,0.2901,0.4381,0.5101,0.5341,-
Amp_90,0.1241,0.1741,0.2311,0.3961,0.4701,0.5891,-
Amp_72,0.1021,0.1391,0.1821,0.2881,0.2461,0.5771,-
Amp_73,0.1421,0.2111,0.3041,0.3551,0.2691,0.3161,-
Nor_77,0.00202857142857,0.00102857142857,0.00402857142857,0.00802857142857,0.01902857142857,0.05002857142857,0.16402857142857
Nor_70,0.00702857142857,0.00802857142857,0.01102857142857,0.02502857142857,0.06202857142857,0.13002857142857,0.16602857142857
Nor_107,0.03502857142857,0.06802857142857,0.11002857142857,0.21102857142857,0.30602857142857,0.35302857142857,0.42602857142857
Nor_100,0.00502857142857,0.01502857142857,0.03502857142857,0.06802857142857,0.09502857142857,0.11202857142857,0.11702857142857
Nor_114,0.00602857142857,0.00902857142857,0.01102857142857,0.01602857142857,0.03302857142857,0.07602857142857,0.15702857142857
Nor_108,0.07902857142857,0.13302857142857,0.13102857142857,0.20102857142857,0.15202857142857,0.14302857142857,0.12502857142857
Nor_99,0.13702857142857,0.18302857142857,0.22502857142857,0.30702857142857,0.37902857142857,0.38302857142857,0.30202857142857
Nor_110,0.13602857142857,0.18002857142857,0.23202857142857,0.31402857142857,0.35002857142857,0.41102857142857,0.33202857142857
Nor_112,0.13902857142857,0.19302857142857,0.23302857142857,0.39402857142857,0.43202857142857,0.43402857142857,0.36002857142857
Amp_32,0.33602857142857,0.38302857142857,0.42902857142857,0.70802857142857,0.70402857142857,0.66202857142857,0.65402857142857
Amp_48,0.28102857142857,0.32002857142857,0.33502857142857,0.64302857142857,0.56902857142857,0.57502857142857,0.44202857142857
Amp_43,0.31202857142857,0.38302857142857,0.50302857142857,0.65602857142857,0.70702857142857,0.75202857142857,0.79402857142857
Amp_54,0.24902857142857,0.29102857142857,0.32102857142857,0.59502857142857,0.66602857142857,0.65602857142857,0.51902857142857
Amp_35,0.33102857142857,0.33602857142857,0.35402857142857,0.51702857142857,0.55802857142857,0.50302857142857,0.43902857142857
Amp_42,0.26002857142857,0.30802857142857,0.33802857142857,0.45102857142857,0.51502857142857,0.48402857142857,0.33502857142857
Amp_46,0.29502857142857,0.34102857142857,0.36102857142857,0.49402857142857,0.60102857142857,0.55202857142857,0.36302857142857
Amp_55,0.31202857142857,0.33002857142857,0.38902857142857,0.55802857142857,0.57402857142857,0.57002857142857,0.54902857142857
Amp_29,0.29802857142857,0.35902857142857,0.38902857142857,0.68402857142857,0.58302857142857,0.59102857142857,0.42302857142857
Nor_65,0.00402857142857,0.00702857142857,0.01002857142857,0.02002857142857,0.04502857142857,0.07302857142857,0.09502857142857
Nor_68,0.16802857142857,0.21802857142857,0.26302857142857,0.35102857142857,0.42902857142857,0.47202857142857,0.29802857142857
Nor_116,0.00902857142857,0.01102857142857,0.01302857142857,0.02802857142857,0.05702857142857,0.09102857142857,0.11202857142857
Nor_117,0.04302857142857,0.10802857142857,0.18502857142857,0.27402857142857,0.47502857142857,0.61602857142857,0.86102857142857
Nor_85,0.07402857142857,0.11602857142857,0.15602857142857,0.29302857142857,0.41102857142857,0.52702857142857,0.60502857142857
Nor_105,0.07002857142857,0.12802857142857,0.17602857142857,0.30102857142857,0.39002857142857,0.39802857142857,0.18002857142857
Nor_103,0.01802857142857,0.03902857142857,0.05402857142857,0.10602857142857,0.10502857142857,0.13502857142857,0.31902857142857
Nor_83,0.04202857142857,0.05802857142857,0.08102857142857,0.30902857142857,0.52202857142857,0.56702857142857,0.45902857142857
Nor_106,-0.01097142857143,-0.00897142857143,-0.00697142857143,0.00302857142857,0.03202857142857,0.06502857142857,0.10902857142857
Nor_104,0.14602857142857,0.19102857142857,0.21902857142857,0.25902857142857,0.29502857142857,0.23202857142857,0.25402857142857
Nor_76,0.10002857142857,0.14702857142857,0.19602857142857,0.40902857142857,0.61402857142857,0.79502857142857,0.92102857142857
Nor_113,0.00102857142857,0.00602857142857,0.00802857142857,0.02602857142857,0.06202857142857,0.07402857142857,0.11102857142857
Nor_109,0.17202857142857,0.22802857142857,0.27602857142857,0.39102857142857,0.47602857142857,0.53302857142857,0.60202857142857
Nor_94,0.04802857142857,0.07302857142857,0.11002857142857,0.21102857142857,0.36102857142857,0.46102857142857,0.47502857142857
Nor_111,0.01702857142857,0.02502857142857,0.03402857142857,0.08402857142857,0.12902857142857,0.15602857142857,0.16302857142857
Nor_101,0.13702857142857,0.17502857142857,0.22202857142857,0.30302857142857,0.45002857142857,0.55502857142857,0.53202857142857
Nor_90,0.00902857142857,0.01202857142857,0.01502857142857,0.03202857142857,0.06202857142857,0.08702857142857,0.09802857142857
Nor_91,0.05202857142857,0.08202857142857,0.10802857142857,0.21902857142857,0.29902857142857,0.32202857142857,0.33702857142857
Nor_75,0.00402857142857,0.00602857142857,0.00802857142857,0.01602857142857,0.03802857142857,0.06402857142857,0.09602857142857
Nor_66,0.01902857142857,0.03002857142857,0.04002857142857,0.10702857142857,0.15002857142857,0.18602857142857,0.19902857142857
Nor_84,-0.01097142857143,-0.01097142857143,-0.00897142857143,0.04402857142857,0.12702857142857,0.15302857142857,0.20002857142857
Nor_86,0.01102857142857,0.01502857142857,0.02302857142857,0.05102857142857,0.10102857142857,0.11402857142857,0.14702857142857
Nor_80,0.01002857142857,0.01402857142857,0.01702857142857,0.02802857142857,0.05302857142857,0.07802857142857,0.11302857142857
Nor_78,0.15302857142857,0.18202857142857,0.22002857142857,0.31402857142857,0.37102857142857,0.42302857142857,0.42602857142857
Nor_97,0.03602857142857,0.05602857142857,0.08202857142857,0.17602857142857,0.27002857142857,0.31902857142857,0.34702857142857
Nor_88,0.00102857142857,0.00202857142857,0.00402857142857,0.01202857142857,0.06402857142857,0.18602857142857,0.41102857142857
Nor_93,0.14402857142857,0.17802857142857,0.21602857142857,0.29502857142857,0.36302857142857,0.41202857142857,0.33502857142857
Nor_69,0.24002857142857,0.29002857142857,0.37402857142857,0.57402857142857,0.49302857142857,0.52002857142857,0.58502857142857
Nor_73,0.03702857142857,0.08002857142857,0.12502857142857,0.29802857142857,0.58202857142857,0.74802857142857,0.74902857142857
Kan_65,0.14702857142857,0.21902857142857,0.26702857142857,0.36702857142857,0.48602857142857,0.52902857142857,0.50102857142857
Kan_56,0.12302857142857,0.16702857142857,0.20302857142857,0.28302857142857,0.34702857142857,0.30202857142857,0.51602857142857
Kan_47,0.16202857142857,0.20702857142857,0.25502857142857,0.36102857142857,0.44402857142857,0.50502857142857,0.58302857142857
Kan_37,0.15202857142857,0.20102857142857,0.25102857142857,0.35002857142857,0.40802857142857,0.44702857142857,0.46202857142857
Kan_61,0.13202857142857,0.19802857142857,0.25002857142857,0.36202857142857,0.45802857142857,0.51502857142857,0.57002857142857
Kan_40,0.08802857142857,0.12902857142857,0.16302857142857,0.23502857142857,0.30002857142857,0.22802857142857,0.42702857142857
Kan_51,0.07602857142857,0.12802857142857,0.18902857142857,0.33302857142857,0.44102857142857,0.45502857142857,0.50802857142857
Kan_54,0.07902857142857,0.12302857142857,0.14802857142857,0.21202857142857,0.25102857142857,0.28902857142857,0.35802857142857
Amp_39,0.32402857142857,0.36602857142857,0.38402857142857,0.59502857142857,0.71002857142857,0.62902857142857,0.46802857142857
Amp_51,0.24202857142857,0.29002857142857,0.33702857142857,0.56302857142857,0.77802857142857,0.84302857142857,0.79002857142857
Amp_52,0.25802857142857,0.32302857142857,0.32302857142857,0.56302857142857,0.64102857142857,0.51802857142857,0.28802857142857
Amp_66,0.29702857142857,0.30102857142857,0.36802857142857,0.41602857142857,0.42202857142857,0.37702857142857,0.26602857142857
Amp_38,0.25002857142857,0.31602857142857,0.54002857142857,0.72302857142857,0.86202857142857,0.93402857142857,1.00902857142857
Amp_37,0.31402857142857,0.37302857142857,0.40302857142857,0.51502857142857,0.59202857142857,0.62502857142857,0.64102857142857
Amp_33,0.30202857142857,0.36202857142857,0.46402857142857,0.76602857142857,0.86402857142857,0.89802857142857,0.95202857142857
Amp_36,0.27002857142857,0.31702857142857,0.41002857142857,0.70802857142857,0.82302857142857,0.77302857142857,0.79602857142857
Amp_62,0.22202857142857,0.30902857142857,0.38302857142857,0.58002857142857,0.65302857142857,0.64402857142857,0.54902857142857
Amp_61,0.19002857142857,0.27902857142857,0.35702857142857,0.56302857142857,0.65202857142857,0.67602857142857,0.60902857142857
Amp_65,0.29202857142857,0.34302857142857,0.36202857142857,0.54702857142857,0.64102857142857,0.54902857142857,0.36802857142857
Amp_40,0.33102857142857,0.37502857142857,0.39602857142857,0.46402857142857,0.51902857142857,0.48702857142857,0.39902857142857
Amp_49,0.27002857142857,0.30402857142857,0.28602857142857,0.55402857142857,0.65902857142857,0.53602857142857,0.34402857142857
Amp_57,0.25702857142857,0.28602857142857,0.33802857142857,0.59602857142857,0.67602857142857,0.75602857142857,0.86402857142857
Amp_64,0.31502857142857,0.35202857142857,0.38002857142857,0.49302857142857,0.46602857142857,0.52702857142857,0.45502857142857
Amp_63,0.21702857142857,0.24702857142857,0.26302857142857,0.42002857142857,0.44102857142857,0.46602857142857,0.42202857142857
Amp_31,0.34202857142857,0.35902857142857,0.40902857142857,0.74602857142857,0.72902857142857,0.71602857142857,0.63102857142857
Amp_67,0.27102857142857,0.32102857142857,0.39202857142857,0.56502857142857,0.74202857142857,0.66802857142857,0.67502857142857
Amp_47,0.28402857142857,0.28402857142857,0.31902857142857,0.52202857142857,0.70302857142857,0.59402857142857,0.72002857142857
Amp_34,0.27302857142857,0.32802857142857,0.36002857142857,0.52702857142857,0.64502857142857,0.64202857142857,0.55602857142857
Amp_59,0.28202857142857,0.34102857142857,0.36602857142857,0.73002857142857,0.80402857142857,0.76502857142857,0.58202857142857
Amp_56,0.27602857142857,0.33102857142857,0.36102857142857,0.53902857142857,0.54502857142857,0.49602857142857,0.34402857142857
Amp_50,0.32002857142857,0.36102857142857,0.38002857142857,0.57902857142857,0.67002857142857,0.70502857142857,0.59702857142857
Amp_53,0.30602857142857,0.36302857142857,0.40202857142857,0.55902857142857,0.58002857142857,0.62202857142857,0.51602857142857
Amp_58,0.31502857142857,0.37102857142857,0.39802857142857,0.69902857142857,0.58402857142857,0.58502857142857,0.45402857142857
Kan_43,0.15002857142857,0.22502857142857,0.27402857142857,0.35702857142857,0.42902857142857,0.46402857142857,0.50702857142857
Kan_7,0.17962857142857,0.23662857142857,0.27562857142857,0.39162857142857,0.50562857142857,0.57562857142857,-
Nor_49,0.01562857142857,0.02062857142857,0.03562857142857,0.13462857142857,0.16462857142857,0.35162857142857,-
Nor_38,0.12162857142857,0.17662857142857,0.23562857142857,0.35862857142857,0.42162857142857,0.43162857142857,-
Nor_34,0.16462857142857,0.23362857142857,0.26762857142857,0.41762857142857,0.52462857142857,0.51762857142857,-
Nor_18,0.01362857142857,0.02362857142857,0.03362857142857,0.10762857142857,0.16762857142857,0.21662857142857,-
Nor_11,0.16162857142857,0.22962857142857,0.30262857142857,0.45262857142857,0.43262857142857,0.60562857142857,-
Nor_61,0.13962857142857,0.15762857142857,0.19162857142857,0.31262857142857,0.47362857142857,0.63362857142857,-
Nor_56,0.06262857142857,0.09462857142857,0.12362857142857,0.28662857142857,0.38262857142857,0.42962857142857,-
Tet_18,0.16162857142857,0.29062857142857,0.33162857142857,0.48562857142857,0.51262857142857,0.38962857142857,-
Kan_21,-0.00237142857143,0.00062857142857,0.00562857142857,0.07762857142857,0.11962857142857,0.14662857142857,-
Kan_20,0.12262857142857,0.17962857142857,0.21962857142857,0.42862857142857,0.57262857142857,0.62962857142857,-
Kan_6,0.14262857142857,0.21362857142857,0.24962857142857,0.42062857142857,0.43562857142857,0.51262857142857,-
Kan_12,0.16062857142857,0.22562857142857,0.27462857142857,0.40162857142857,0.45662857142857,0.48562857142857,-
Kan_8,0.14662857142857,0.20262857142857,0.26762857142857,0.38762857142857,0.41462857142857,0.44162857142857,-
Nor_27,0.01162857142857,0.02962857142857,0.04862857142857,0.14662857142857,0.22762857142857,0.25062857142857,-
Nor_19,0.17162857142857,0.23062857142857,0.28462857142857,0.43362857142857,0.48462857142857,0.54662857142857,-
Nor_41,0.13162857142857,0.17662857142857,0.21462857142857,0.43262857142857,0.43762857142857,0.44662857142857,-
Nor_44,0.00762857142857,0.02162857142857,0.03662857142857,0.07562857142857,0.12462857142857,0.15362857142857,-
Nor_39,0.26062857142857,0.38262857142857,0.43762857142857,0.51262857142857,0.52262857142857,0.58762857142857,-
Nor_26,0.03062857142857,0.05762857142857,0.08762857142857,0.15262857142857,0.17762857142857,0.18262857142857,-
Nor_20,0.07262857142857,0.11862857142857,0.15362857142857,0.34962857142857,0.41362857142857,0.50462857142857,-
Nor_12,0.06762857142857,0.11762857142857,0.16262857142857,0.57362857142857,0.84162857142857,0.93562857142857,-
Nor_2,0.16262857142857,0.22862857142857,0.29062857142857,0.36562857142857,0.46662857142857,0.48962857142857,-
Nor_59,0.14462857142857,0.19562857142857,0.24662857142857,0.36462857142857,0.52562857142857,0.58062857142857,-
Tet_7,-0.00237142857143,-0.00137142857143,-0.00037142857143,-0.00137142857143,-0.00037142857143,0.00062857142857,-
Nor_31,0.16562857142857,0.22762857142857,0.28162857142857,0.40362857142857,0.52762857142857,0.50662857142857,-
Kan_14,0.00862857142857,0.05462857142857,0.10362857142857,0.29462857142857,0.35362857142857,0.42262857142857,-
Nor_42,0.00662857142857,0.01762857142857,0.04162857142857,0.19562857142857,0.15162857142857,0.28062857142857,-
Nor_37,0.14562857142857,0.19762857142857,0.25562857142857,0.38762857142857,0.45162857142857,0.47962857142857,-
Nor_32,0.15562857142857,0.19762857142857,0.25062857142857,0.41062857142857,0.51662857142857,0.62662857142857,-
Nor_28,0.06962857142857,0.11762857142857,0.16162857142857,0.32962857142857,0.44662857142857,0.51162857142857,-
Nor_6,0.09762857142857,0.16362857142857,0.19862857142857,0.37862857142857,0.39262857142857,0.56062857142857,-
Nor_13,0.23062857142857,0.32662857142857,0.39362857142857,0.62662857142857,0.64262857142857,0.81962857142857,-
Nor_3,0.09462857142857,0.16862857142857,0.23462857142857,0.60462857142857,0.70762857142857,0.92262857142857,-
Nor_57,0.18062857142857,0.20962857142857,0.22862857142857,0.33362857142857,0.44062857142857,0.53762857142857,-
Kan_27,0.12462857142857,0.19962857142857,0.25462857142857,0.39962857142857,0.43462857142857,0.49062857142857,-
Kan_29,0.14362857142857,0.20462857142857,0.25962857142857,0.36062857142857,0.44562857142857,0.44162857142857,-
Nor_10,0.16762857142857,0.21962857142857,0.25662857142857,0.37862857142857,0.50562857142857,0.49962857142857,-
Nor_4,0.10762857142857,0.16062857142857,0.21262857142857,0.37562857142857,0.53462857142857,0.64162857142857,-
Nor_60,0.13762857142857,0.16562857142857,0.21362857142857,0.29962857142857,0.45462857142857,0.52062857142857,-
Tet_10,0.00362857142857,0.01262857142857,0.03662857142857,0.19462857142857,0.33362857142857,0.48462857142857,-
Kan_16,-0.00937142857143,-0.00937142857143,-0.00937142857143,-0.00937142857143,-0.00937142857143,-0.00937142857143,-
Kan_11,0.15962857142857,0.22062857142857,0.29262857142857,0.39662857142857,0.51362857142857,0.46762857142857,-
Nor_48,0.09962857142857,0.13362857142857,0.16462857142857,0.27362857142857,0.14762857142857,0.40662857142857,-
Nor_36,0.04762857142857,0.07062857142857,0.09162857142857,0.17062857142857,0.21462857142857,0.14862857142857,-
Nor_33,0.12862857142857,0.19662857142857,0.26362857142857,0.39162857142857,0.47362857142857,0.53262857142857,-
Nor_1,0.15262857142857,0.21662857142857,0.26362857142857,0.42562857142857,0.46662857142857,0.55162857142857,-
Nor_58,0.15862857142857,0.18562857142857,0.22062857142857,0.33962857142857,0.50162857142857,0.52462857142857,-
Nor_7,0.02962857142857,0.04662857142857,0.06662857142857,0.22762857142857,0.32762857142857,0.37662857142857,-
Nor_53,0.09162857142857,0.15962857142857,0.21562857142857,0.62462857142857,0.78462857142857,0.84562857142857,-
Kan_3,0.12762857142857,0.18462857142857,0.24562857142857,0.40462857142857,0.43962857142857,0.44562857142857,-
Kan_30,0.15062857142857,0.20962857142857,0.25762857142857,0.37962857142857,0.42662857142857,0.46962857142857,-
Kan_18,0.15162857142857,0.21462857142857,0.28662857142857,0.42862857142857,0.54062857142857,0.54762857142857,-
Kan_31,0.11762857142857,0.19062857142857,0.23662857142857,0.28562857142857,0.29162857142857,0.30162857142857,-
Cam_4,-0.00337142857143,-0.00337142857143,-0.00337142857143,-0.00237142857143,-0.00237142857143,-0.00237142857143,-
Cam_1,-0.00037142857143,-0.00037142857143,-0.00037142857143,-0.00037142857143,-0.00037142857143,-0.00037142857143,-
Tet_11,0.31762857142857,0.35162857142857,0.40362857142857,0.60162857142857,0.60562857142857,0.63762857142857,-
Cam_6,0.11762857142857,0.20562857142857,0.27662857142857,0.42462857142857,0.50962857142857,0.58762857142857,-
Cam_17,0.22162857142857,0.30062857142857,0.35062857142857,0.54762857142857,0.70962857142857,0.76562857142857,-
Kan_26,0.12662857142857,0.18362857142857,0.23362857142857,0.40862857142857,0.52762857142857,0.57762857142857,-
Tet_8,0.26362857142857,0.30362857142857,0.30862857142857,0.41062857142857,0.32262857142857,0.37862857142857,-
Tet_12,0.23262857142857,0.28962857142857,0.30762857142857,0.41762857142857,0.36562857142857,0.39862857142857,-
Tet_9,0.06562857142857,0.09362857142857,0.12362857142857,0.44262857142857,0.52962857142857,0.52262857142857,-
Kan_4,0.14762857142857,0.23262857142857,0.31362857142857,0.45362857142857,0.54662857142857,0.58962857142857,-
Kan_28,0.23762857142857,0.30262857142857,0.36262857142857,0.51962857142857,0.65862857142857,0.72062857142857,-
Kan_25,0.20062857142857,0.28962857142857,0.34062857142857,0.52362857142857,0.54162857142857,0.66862857142857,-
Kan_24,0.22962857142857,0.30862857142857,0.36862857142857,0.53362857142857,0.67362857142857,0.75162857142857,-
Kan_17,0.19862857142857,0.26062857142857,0.30362857142857,0.42562857142857,0.44262857142857,0.57162857142857,-
Kan_33,0.26162857142857,0.33262857142857,0.38962857142857,0.58362857142857,0.71262857142857,0.80362857142857,-
Kan_2,0.22062857142857,0.32462857142857,0.39862857142857,0.63462857142857,0.74562857142857,0.77462857142857,-
Cam_10,0.00262857142857,0.00362857142857,0.00462857142857,0.04762857142857,0.10262857142857,0.11962857142857,-
Kan_10,0.20962857142857,0.35762857142857,0.41262857142857,0.48462857142857,0.54062857142857,0.50962857142857,-
Tet_6,0.16362857142857,0.15562857142857,0.21162857142857,0.31962857142857,0.36062857142857,0.48362857142857,-
Tet_16,0.22962857142857,0.29762857142857,0.39162857142857,0.65162857142857,0.64662857142857,0.68662857142857,-
Cam_20,0.17962857142857,0.26162857142857,0.33462857142857,0.47562857142857,0.54762857142857,0.61262857142857,-
Kan_13,0.07162857142857,0.11062857142857,0.15662857142857,0.33362857142857,0.44562857142857,0.52662857142857,-
Kan_22,0.14762857142857,0.19262857142857,0.25662857142857,0.53562857142857,0.68662857142857,0.72762857142857,-
Kan_9,0.09962857142857,0.14162857142857,0.17962857142857,0.30262857142857,0.37062857142857,0.44362857142857,-
Tet_1,0.31262857142857,0.34162857142857,0.37262857142857,0.40762857142857,0.22362857142857,0.31262857142857,-
Kan_15,0.18662857142857,0.28662857142857,0.35962857142857,0.49562857142857,0.61262857142857,0.55962857142857,-
Tet_5,0.31462857142857,0.38162857142857,0.43362857142857,0.67362857142857,0.53562857142857,0.48062857142857,-
Tet_15,0.22165714285714,0.28865714285714,0.35065714285714,0.62865714285714,0.72765714285714,0.80665714285714,-
Tet_17,0.27965714285714,0.27065714285714,0.35865714285714,0.57865714285714,0.59865714285714,0.68065714285714,-
Tet_3,0.14565714285714,0.24765714285714,0.33265714285714,0.41165714285714,0.39465714285714,0.41865714285714,-
Kan_5,0.10665714285714,0.14465714285714,0.15765714285714,0.19665714285714,0.11565714285714,0.22365714285714,-
Kan_19,0.16765714285714,0.23265714285714,0.28565714285714,0.33865714285714,0.33365714285714,0.32265714285714,-
Tet_2,0.32965714285714,0.39265714285714,0.41965714285714,0.45265714285714,0.44865714285714,0.43765714285714,-
Kan_32,0.18465714285714,0.26765714285714,0.35265714285714,0.45365714285714,0.46465714285714,0.66465714285714,-
Cam_16,0.17165714285714,0.21565714285714,0.25465714285714,0.36465714285714,0.43365714285714,0.48365714285714,-
Tet_13,0.30065714285714,0.43065714285714,0.50665714285714,0.66065714285714,0.66565714285714,0.92165714285714,-
Cam_13,0.21065714285714,0.29365714285714,0.33565714285714,0.45765714285714,0.53965714285714,0.55165714285714,-
Cam_19,0.18565714285714,0.29165714285714,0.39565714285714,0.69265714285714,0.66965714285714,0.73465714285714,-
Kan_23,0.19465714285714,0.28765714285714,0.37565714285714,0.50365714285714,0.52365714285714,0.57365714285714,-
Tet_14,0.06165714285714,0.08565714285714,0.11165714285714,0.19565714285714,0.26165714285714,0.42565714285714,-
Cam_9,0.31265714285714,0.37565714285714,0.41965714285714,0.60965714285714,0.69965714285714,0.81665714285714,-
Tet_4,0.28865714285714,0.35865714285714,0.39065714285714,0.50465714285714,0.52265714285714,0.52865714285714,-
Amp_27,0.31765714285714,0.43565714285714,0.42765714285714,0.64165714285714,0.61165714285714,0.49465714285714,-
Kan_1,0.24065714285714,0.31865714285714,0.37465714285714,0.51265714285714,0.60665714285714,0.60965714285714,-
Amp_17,0.26165714285714,0.35865714285714,0.44365714285714,0.62265714285714,0.74965714285714,0.80865714285714,-
Amp_2,0.18665714285714,0.18865714285714,0.20165714285714,0.28265714285714,0.30965714285714,0.31165714285714,-
Amp_18,0.29665714285714,0.35965714285714,0.41165714285714,0.56365714285714,0.57665714285714,0.66565714285714,-
Amp_19,0.13365714285714,0.17165714285714,0.23165714285714,0.31365714285714,0.28565714285714,0.18765714285714,-
Amp_20,0.20365714285714,0.28265714285714,0.21565714285714,0.34165714285714,0.46665714285714,0.52465714285714,-
Amp_21,0.12565714285714,0.19465714285714,0.20065714285714,0.24065714285714,0.10965714285714,0.19765714285714,-
Amp_22,0.17965714285714,0.19365714285714,0.20665714285714,0.31565714285714,0.32165714285714,0.37065714285714,-
Amp_1,0.36565714285714,0.45665714285714,0.47865714285714,0.66665714285714,0.63465714285714,0.62865714285714,-
Amp_23,0.15165714285714,0.17365714285714,0.22365714285714,0.26365714285714,0.31065714285714,0.36165714285714,-
Amp_28,0.23165714285714,0.29665714285714,0.40265714285714,0.57365714285714,0.63265714285714,0.84065714285714,-
Amp_25,0.24765714285714,0.27865714285714,0.28765714285714,0.40565714285714,0.26565714285714,0.20465714285714,-
Amp_26,0.32665714285714,0.37965714285714,0.40965714285714,0.60965714285714,0.55765714285714,0.62665714285714,-
Amp_24,0.25865714285714,0.27365714285714,0.25865714285714,0.35265714285714,0.49165714285714,0.53665714285714,-
Amp_10,0.38065714285714,0.50065714285714,0.49065714285714,0.70965714285714,0.60865714285714,0.59865714285714,-
Amp_11,0.23465714285714,0.27665714285714,0.27765714285714,0.28365714285714,0.33965714285714,0.52065714285714,-
Amp_3,0.33165714285714,0.39965714285714,0.49465714285714,0.60765714285714,0.62965714285714,0.79165714285714,-
Amp_4,0.26065714285714,0.28765714285714,0.29865714285714,0.35565714285714,0.33665714285714,0.39565714285714,-
Amp_13,0.13565714285714,0.17665714285714,0.19265714285714,0.18165714285714,0.13765714285714,0.18565714285714,-
Amp_6,0.24565714285714,0.27365714285714,0.28765714285714,0.34965714285714,0.36265714285714,0.40165714285714,-
Amp_12,0.22465714285714,0.27165714285714,0.29465714285714,0.50065714285714,0.32865714285714,0.33265714285714,-
Amp_5,0.32965714285714,0.40665714285714,0.43565714285714,0.56965714285714,0.57565714285714,0.61265714285714,-
Amp_8,0.23965714285714,0.32365714285714,0.39665714285714,0.49565714285714,0.66665714285714,0.72565714285714,-
Amp_15,0.07065714285714,0.08665714285714,0.10765714285714,0.30365714285714,0.41165714285714,0.36765714285714,-
Amp_7,0.26765714285714,0.30165714285714,0.27465714285714,0.49565714285714,0.38365714285714,0.59965714285714,-
Amp_14,0.14765714285714,0.15765714285714,0.18065714285714,0.26965714285714,0.30865714285714,0.29865714285714,-
Amp_9,0.28165714285714,0.25965714285714,0.25865714285714,0.37865714285714,0.30765714285714,0.24165714285714,-
Amp_16,0.08765714285714,0.17965714285714,0.14765714285714,0.43365714285714,0.39965714285714,0.71665714285714,-
Cam_15,0.26265714285714,0.34365714285714,0.40465714285714,0.61465714285714,0.63365714285714,0.64965714285714,-
Cam_14,0.32765714285714,0.40265714285714,0.41365714285714,0.52765714285714,0.53465714285714,0.52665714285714,-
Cam_11,0.37165714285714,0.39765714285714,0.43465714285714,0.85765714285714,0.77965714285714,0.74065714285714,-
Cam_12,0.43365714285714,0.51265714285714,0.56465714285714,0.66065714285714,0.72065714285714,0.72365714285714,-
Cam_8,0.19665714285714,0.26765714285714,0.35165714285714,0.54265714285714,0.63165714285714,0.62465714285714,-
Cam_7,0.31065714285714,0.38565714285714,0.44965714285714,0.71465714285714,0.77165714285714,0.78365714285714,-
Cam_5,0.34465714285714,0.44765714285714,0.47465714285714,0.63765714285714,0.64565714285714,0.66765714285714,-
Cam_21,0.34865714285714,0.38065714285714,0.39065714285714,0.49565714285714,0.55165714285714,0.27465714285714,-
Cam_3,0.27265714285714,0.31165714285714,0.34765714285714,0.50765714285714,0.61465714285714,0.71365714285714,-
Cam_2,0.32665714285714,0.35865714285714,0.37665714285714,0.49165714285714,0.57965714285714,0.60365714285714,-
Nor_16,0.02865714285714,0.06665714285714,0.13165714285714,0.36865714285714,0.34165714285714,0.45765714285714,-
Nor_40,0.00565714285714,0.01065714285714,0.01665714285714,0.05065714285714,0.09065714285714,0.11365714285714,-
Nor_46,0.03265714285714,0.05465714285714,0.08965714285714,0.18765714285714,0.23165714285714,0.30765714285714,-
Nor_50,0.01265714285714,0.01865714285714,0.02465714285714,0.39065714285714,0.67265714285714,0.83665714285714,-
Nor_55,0.04065714285714,0.07565714285714,0.08965714285714,0.51265714285714,0.65765714285714,0.75465714285714,-
Nor_22,0.02165714285714,0.03465714285714,0.04965714285714,0.08865714285714,0.10165714285714,0.16165714285714,-
Nor_23,0.03465714285714,0.06165714285714,0.08065714285714,0.14965714285714,0.19765714285714,0.23565714285714,-
Nor_24,0.02265714285714,0.03465714285714,0.05665714285714,0.34465714285714,0.55265714285714,0.71965714285714,-
Nor_30,0.05465714285714,0.09165714285714,0.13265714285714,0.22865714285714,0.30965714285714,0.39565714285714,-
Nor_8,0.00365714285714,0.00565714285714,0.01065714285714,0.05365714285714,0.18665714285714,0.36365714285714,-
Nor_43,0.10065714285714,0.13365714285714,0.17565714285714,0.33665714285714,0.41265714285714,0.49465714285714,-
Nor_29,0.05165714285714,0.08665714285714,0.12565714285714,0.35265714285714,0.45565714285714,0.56965714285714,-
Nor_45,-0.00334285714286,-0.00334285714286,-0.00234285714286,-0.00134285714286,0.04265714285714,0.18865714285714,-
Nor_15,0.00065714285714,0.00165714285714,0.00365714285714,0.06165714285714,0.13465714285714,0.16165714285714,-
Nor_21,0.00465714285714,0.00565714285714,0.00765714285714,0.02665714285714,0.10665714285714,0.29865714285714,-
Nor_51,0.04465714285714,0.07065714285714,0.09265714285714,0.19965714285714,0.21465714285714,0.40465714285714,-
Nor_17,0.02465714285714,0.04465714285714,0.07065714285714,0.10765714285714,0.15565714285714,0.32965714285714,-
Nor_52,0.00065714285714,0.00065714285714,0.00165714285714,0.00665714285714,0.12665714285714,0.29965714285714,-
Nor_9,-0.00034285714286,0.00065714285714,0.00365714285714,0.07365714285714,0.22665714285714,0.40465714285714,-
Nor_54,0.00365714285714,0.00465714285714,0.00465714285714,0.00765714285714,0.00765714285714,0.00565714285714,-
Nor_47,-0.01334285714286,-0.01334285714286,-0.01334285714286,-0.01134285714286,-0.00934285714286,-0.01234285714286,-
Amp_92,0.27248571428571,0.34448571428571,0.40048571428571,0.57048571428571,0.61748571428571,0.59948571428571,-
Amp_89,0.30648571428571,0.35648571428571,0.37948571428571,0.55148571428571,0.49048571428571,0.37248571428571,-
Amp_75,0.31748571428571,0.38948571428571,0.38048571428571,0.55948571428571,0.39748571428571,0.62248571428571,-
Amp_82,0.25548571428571,0.24248571428571,0.29448571428571,0.37148571428571,0.27748571428571,0.31148571428571,-
Amp_94,0.26948571428571,0.32048571428571,0.30548571428571,0.62548571428571,0.51948571428571,0.70248571428571,-
Amp_87,0.23748571428571,0.26048571428571,0.22148571428571,0.45448571428571,0.40748571428571,0.52948571428571,-
Amp_71,0.19548571428571,0.26348571428571,0.30948571428571,0.68448571428571,0.71848571428571,0.81648571428571,-
Amp_80,0.29148571428571,0.36248571428571,0.29348571428571,0.52148571428571,0.35948571428571,0.66248571428571,-
Amp_84,0.34248571428571,0.47348571428571,0.34748571428571,0.59548571428571,0.45548571428571,0.58948571428571,-
Tet_71,0.34448571428571,0.41148571428571,0.43048571428571,0.60948571428571,0.52748571428571,0.70548571428571,-
Tet_57,0.07648571428571,0.09648571428571,0.12348571428571,0.27948571428571,0.51148571428571,0.51148571428571,-
Amp_78,0.22448571428571,0.27948571428571,0.33748571428571,0.55548571428571,0.65148571428571,0.55148571428571,-
Kan_81,0.21648571428571,0.28348571428571,0.32848571428571,0.50948571428571,0.61648571428571,0.79148571428571,-
Kan_86,0.10748571428571,0.16748571428571,0.21648571428571,0.35748571428571,0.51848571428571,0.54748571428571,-
Kan_92,0.05348571428571,0.10248571428571,0.16148571428571,0.44348571428571,0.48148571428571,0.70448571428571,-
Kan_87,0.11248571428571,0.16248571428571,0.22448571428571,0.31748571428571,0.38248571428571,0.44948571428571,-
Kan_93,0.19748571428571,0.27448571428571,0.30548571428571,0.66648571428571,0.72348571428571,0.84848571428571,-
Kan_94,-0.00851428571429,-0.00851428571429,-0.00851428571429,-0.00751428571429,-0.00851428571429,-0.00851428571429,-
Kan_89,0.10548571428571,0.14448571428571,0.18648571428571,0.31848571428571,0.40548571428571,0.46948571428571,-
Kan_102,0.20648571428571,0.27148571428571,0.30748571428571,0.63648571428571,0.74248571428571,0.80948571428571,-
Kan_101,0.20248571428571,0.27048571428571,0.30848571428571,0.57948571428571,0.74548571428571,0.97048571428571,-
Kan_105,0.13048571428571,0.17548571428571,0.20048571428571,0.39648571428571,0.47448571428571,0.59448571428571,-
Kan_106,0.13748571428571,0.21548571428571,0.25448571428571,0.39948571428571,0.31348571428571,0.41648571428571,-
Kan_83,0.00248571428571,0.00648571428571,0.01448571428571,0.14348571428571,0.32648571428571,0.56748571428571,-
Cam_146,0.15048571428571,0.22148571428571,0.30848571428571,0.42748571428571,0.44848571428571,0.42248571428571,-
Cam_152,0.22348571428571,0.31648571428571,0.35548571428571,0.65048571428571,0.70148571428571,0.66748571428571,-
Cam_118,0.28748571428571,0.37248571428571,0.40548571428571,0.56648571428571,0.54548571428571,0.44548571428571,-
Cam_128,0.18848571428571,0.23148571428571,0.29248571428571,0.37848571428571,0.35248571428571,0.43248571428571,-
Cam_88,0.24048571428571,0.30348571428571,0.34448571428571,0.54348571428571,0.61048571428571,0.90148571428571,-
Cam_141,0.37248571428571,0.41348571428571,0.45848571428571,0.61748571428571,0.66248571428571,0.53748571428571,-
Cam_144,0.39748571428571,0.48148571428571,0.63248571428571,0.73848571428571,0.75048571428571,0.70248571428571,-
Cam_138,0.15748571428571,0.22148571428571,0.29048571428571,0.45248571428571,0.48648571428571,0.38148571428571,-
Cam_140,0.30248571428571,0.33348571428571,0.25748571428571,0.56748571428571,0.53448571428571,0.52948571428571,-
Cam_139,0.35348571428571,0.40048571428571,0.43148571428571,0.57948571428571,0.56048571428571,0.58448571428571,-
Cam_86,0.20648571428571,0.27648571428571,0.29448571428571,0.54248571428571,0.66748571428571,0.81048571428571,-
Cam_153,0.32548571428571,0.39048571428571,0.41648571428571,0.60548571428571,0.54448571428571,0.74848571428571,-
Cam_148,0.26948571428571,0.33148571428571,0.35548571428571,0.54148571428571,0.66148571428571,0.79648571428571,-
Cam_147,0.13648571428571,0.18048571428571,0.18748571428571,0.38548571428571,0.53248571428571,0.76748571428571,-
Cam_84,0.17348571428571,0.23148571428571,0.32748571428571,0.50348571428571,0.57548571428571,0.59048571428571,-
Cam_125,0.32948571428571,0.35248571428571,0.39648571428571,0.48948571428571,0.69548571428571,0.74748571428571,-
Cam_82,0.35948571428571,0.37448571428571,0.44548571428571,0.50848571428571,0.47548571428571,0.46548571428571,-
Cam_83,0.33948571428571,0.36648571428571,0.44648571428571,0.74548571428571,0.69648571428571,0.75748571428571,-
Cam_130,0.28248571428571,0.35848571428571,0.39448571428571,0.58348571428571,0.59748571428571,0.64348571428571,-
Cam_136,0.21548571428571,0.28348571428571,0.34348571428571,0.70048571428571,0.77548571428571,0.82448571428571,-
Cam_129,0.34948571428571,0.44648571428571,0.48748571428571,0.53948571428571,0.50848571428571,0.49448571428571,-
Cam_110,0.41848571428571,0.48948571428571,0.51448571428571,0.57448571428571,0.47148571428571,0.45048571428571,-
Cam_104,0.24748571428571,0.34148571428571,0.38848571428571,0.49248571428571,0.39348571428571,0.32848571428571,-
Cam_134,0.19848571428571,0.31448571428571,0.38748571428571,0.66048571428571,0.69548571428571,0.71548571428571,-
Cam_95,0.28848571428571,0.34248571428571,0.36548571428571,0.49448571428571,0.57648571428571,0.56448571428571,-
Cam_94,0.11048571428571,0.20948571428571,0.26848571428571,0.38848571428571,0.42748571428571,0.38948571428571,-
Cam_131,0.32348571428571,0.41748571428571,0.47348571428571,0.55248571428571,0.42948571428571,0.33648571428571,-
Cam_103,0.34648571428571,0.41948571428571,0.45548571428571,0.64048571428571,0.69348571428571,0.70748571428571,-
Cam_98,0.15248571428571,0.18548571428571,0.22448571428571,0.40448571428571,0.67548571428571,0.81948571428571,-
Cam_97,0.40548571428571,0.48448571428571,0.56948571428571,0.59448571428571,0.59548571428571,0.53848571428571,-
Cam_101,0.25248571428571,0.34448571428571,0.39448571428571,0.65448571428571,0.67448571428571,0.76948571428571,-
Cam_106,0.22648571428571,0.31648571428571,0.36648571428571,0.42248571428571,0.61448571428571,0.76948571428571,-
Cam_111,0.21048571428571,0.27748571428571,0.35348571428571,0.49648571428571,0.52148571428571,0.57448571428571,-
Cam_117,0.28248571428571,0.37848571428571,0.41148571428571,0.57848571428571,0.55948571428571,0.61748571428571,-
Cam_105,0.14648571428571,0.22148571428571,0.30448571428571,0.41548571428571,0.39248571428571,0.44048571428571,-
Cam_132,0.15148571428571,0.21348571428571,0.24948571428571,0.38148571428571,0.42748571428571,0.49948571428571,-
Cam_91,0.10148571428571,0.15448571428571,0.20148571428571,0.42648571428571,0.47448571428571,0.51648571428571,-
Cam_108,0.27148571428571,0.35748571428571,0.39448571428571,0.56648571428571,0.53048571428571,0.67148571428571,-
Cam_87,0.14248571428571,0.20348571428571,0.25048571428571,0.38248571428571,0.38348571428571,0.45548571428571,-
Cam_119,0.22848571428571,0.29948571428571,0.35048571428571,0.50148571428571,0.47248571428571,0.62948571428571,-
Amp_30,0.47445714285714,0.51045714285714,0.51445714285714,0.62245714285714,0.62645714285714,0.56645714285714,-
Amp_44,0.44045714285714,0.45745714285714,0.46345714285714,0.54745714285714,0.56645714285714,0.59045714285714,-
Amp_45,0.41145714285714,0.42945714285714,0.42745714285714,0.55645714285714,0.58745714285714,0.55645714285714,-
Amp_41,0.34145714285714,0.41845714285714,0.44445714285714,0.55145714285714,0.51445714285714,0.48545714285714,-
Cam_38,0.16545714285714,0.22545714285714,0.26945714285714,0.44545714285714,0.52445714285714,0.58145714285714,-
Cam_41,0.21045714285714,0.29845714285714,0.35645714285714,0.54345714285714,0.64545714285714,0.76745714285714,-
Cam_23,0.23245714285714,0.28745714285714,0.30645714285714,0.49645714285714,0.55445714285714,0.49245714285714,-
Amp_60,0.43445714285714,0.47045714285714,0.47345714285714,0.63645714285714,0.63945714285714,0.58845714285714,-
Cam_32,0.26545714285714,0.34745714285714,0.35445714285714,0.59345714285714,0.51545714285714,0.53545714285714,-
Cam_27,0.30845714285714,0.31145714285714,0.36245714285714,0.49545714285714,0.52145714285714,0.50745714285714,-
Cam_31,0.32445714285714,0.39245714285714,0.39845714285714,0.51545714285714,0.56345714285714,0.53645714285714,-
Cam_45,0.24745714285714,0.30145714285714,0.32645714285714,0.49845714285714,0.52945714285714,0.52445714285714,-
Cam_29,0.29245714285714,0.33845714285714,0.35745714285714,0.39645714285714,0.48945714285714,0.38645714285714,-
Cam_22,0.40245714285714,0.43745714285714,0.46245714285714,0.56745714285714,0.73845714285714,0.75645714285714,-
Cam_28,0.24145714285714,0.28145714285714,0.31545714285714,0.42145714285714,0.46645714285714,0.50345714285714,-
Cam_35,0.23145714285714,0.31345714285714,0.36345714285714,0.41445714285714,0.38145714285714,0.37945714285714,-
Cam_21,0.22645714285714,0.28045714285714,0.31445714285714,0.48845714285714,0.63745714285714,0.51945714285714,-
Cam_40,0.20645714285714,0.26945714285714,0.29945714285714,0.46345714285714,0.58445714285714,0.51545714285714,-
Cam_37,0.38245714285714,0.56545714285714,0.55645714285714,0.65345714285714,0.72645714285714,0.68445714285714,-
Cam_46,0.22145714285714,0.28645714285714,0.32245714285714,0.49045714285714,0.65145714285714,0.58745714285714,-
Tet_28,0.36845714285714,0.45945714285714,0.51745714285714,0.71845714285714,0.85245714285714,0.92845714285714,-
Tet_21,0.22045714285714,0.24945714285714,0.26045714285714,0.24045714285714,0.21245714285714,0.21345714285714,-
Tet_33,0.34145714285714,0.36745714285714,0.41045714285714,0.48245714285714,0.54245714285714,0.53745714285714,-
Tet_31,0.21245714285714,0.33645714285714,0.40645714285714,0.58345714285714,0.70345714285714,0.70645714285714,-
Tet_23,0.21945714285714,0.33445714285714,0.37945714285714,0.50045714285714,0.61645714285714,0.66245714285714,-
Tet_19,0.29245714285714,0.37445714285714,0.41545714285714,0.55545714285714,0.64545714285714,0.60945714285714,-
Tet_38,0.09845714285714,0.15945714285714,0.19745714285714,0.33845714285714,0.45745714285714,0.47245714285714,-
Endo_Tet_3,0.32245714285714,0.41945714285714,0.41645714285714,0.56945714285714,0.60945714285714,0.61945714285714,-
Tet_49,0.35245714285714,0.35845714285714,0.40445714285714,0.46045714285714,0.41045714285714,0.37445714285714,-
Tet_44,0.32645714285714,0.42945714285714,0.46045714285714,0.63145714285714,0.59545714285714,0.48245714285714,-
Tet_35,0.29745714285714,0.35645714285714,0.36745714285714,0.45445714285714,0.40645714285714,0.38745714285714,-
Tet_24,0.34045714285714,0.39545714285714,0.39945714285714,0.54445714285714,0.54645714285714,0.48645714285714,-
Tet_65,0.20145714285714,0.26745714285714,0.29945714285714,0.50045714285714,0.70245714285714,0.74745714285714,-
Tet_70,0.33445714285714,0.39445714285714,0.43745714285714,0.66645714285714,0.74645714285714,0.73745714285714,-
Tet_71,0.34845714285714,0.42345714285714,0.45045714285714,0.52945714285714,0.59045714285714,0.62445714285714,-
Tet_72,0.43345714285714,0.49445714285714,0.53045714285714,0.69145714285714,0.78645714285714,0.81145714285714,-
Tet_73,0.18545714285714,0.23445714285714,0.28445714285714,0.43545714285714,0.55745714285714,0.64845714285714,-
Tet_74,0.33745714285714,0.39345714285714,0.43845714285714,0.66745714285714,0.62245714285714,0.58945714285714,-
Tet_76,0.31345714285714,0.37545714285714,0.42745714285714,0.51545714285714,0.50745714285714,0.51045714285714,-
Tet_25,0.35045714285714,0.47045714285714,0.54145714285714,0.59645714285714,0.67145714285714,0.68845714285714,-
Tet_61,0.14845714285714,0.20345714285714,0.23845714285714,0.47545714285714,0.58645714285714,0.60145714285714,-
Tet_60,0.35145714285714,0.37845714285714,0.40445714285714,0.45245714285714,0.41445714285714,0.37745714285714,-
Tet_55,0.26145714285714,0.39645714285714,0.45145714285714,0.49945714285714,0.43145714285714,0.37445714285714,-
Tet_56,0.25045714285714,0.31645714285714,0.33845714285714,0.46445714285714,0.59845714285714,0.59245714285714,-
Tet_59,0.38345714285714,0.42345714285714,0.45045714285714,0.53645714285714,0.51045714285714,0.49345714285714,-
Tet_54,0.39245714285714,0.41445714285714,0.44345714285714,0.58845714285714,0.60945714285714,0.62345714285714,-
Tet_51,0.22845714285714,0.30145714285714,0.35845714285714,0.67345714285714,0.76845714285714,0.78845714285714,-
Tet_68,0.17145714285714,0.20945714285714,0.24345714285714,0.36445714285714,0.43845714285714,0.47245714285714,-
Tet_30,0.22445714285714,0.30245714285714,0.36045714285714,0.54845714285714,0.68545714285714,0.71445714285714,-
Endo_Tet_4,0.22545714285714,0.27345714285714,0.32845714285714,0.49945714285714,0.57745714285714,0.61145714285714,-
Endo_Tet_6,-0.00954285714286,0.01245714285714,0.05445714285714,0.33645714285714,0.50945714285714,0.50945714285714,-
Tet_57,0.07845714285714,0.09845714285714,0.11845714285714,0.42245714285714,0.44245714285714,0.50545714285714,-
Tet_67,0.17245714285714,0.24245714285714,0.27645714285714,0.54445714285714,0.72745714285714,0.79345714285714,-
Tet_69,0.34045714285714,0.42945714285714,0.46445714285714,0.59945714285714,0.60245714285714,0.61645714285714,-
Tet_63,0.40745714285714,0.49845714285714,0.54745714285714,0.59045714285714,0.61145714285714,0.72945714285714,-
Tet_62,0.20045714285714,0.28345714285714,0.34945714285714,0.50345714285714,0.64945714285714,0.67245714285714,-
Tet_42,0.26045714285714,0.33445714285714,0.37945714285714,0.58345714285714,0.73545714285714,0.78045714285714,-
Tet_34,0.18145714285714,0.27245714285714,0.33845714285714,0.48145714285714,0.57745714285714,0.58445714285714,-
Tet_37,0.29145714285714,0.33845714285714,0.36445714285714,0.42645714285714,0.47245714285714,0.43545714285714,-
Tet_75,0.25145714285714,0.33845714285714,0.32745714285714,0.51245714285714,0.63645714285714,0.63445714285714,-
Tet_53,0.08845714285714,0.14445714285714,0.18045714285714,0.30145714285714,0.39645714285714,0.41045714285714,-
Endo_Tet_2,0.00345714285714,0.00345714285714,0.00445714285714,0.00545714285714,0.00945714285714,0.01745714285714,-
Nor_125,0.06745714285714,0.12945714285714,0.16845714285714,0.27845714285714,0.33145714285714,0.41945714285714,-
Nor_124,0.00145714285714,0.00245714285714,0.00245714285714,0.05645714285714,0.40945714285714,0.47445714285714,-
Nor_216,0.0762,0.0912,0.1102,0.1472,0.1372,0.2202,-
Nor_231,0.0162,0.0182,0.0182,0.0142,0.0152,0.0132,-
Nor_249,0.0712,0.1012,0.1152,0.1802,0.2142,0.2302,-
Nor_258,0.1152,0.1432,0.1882,0.2592,0.2512,0.3142,-
Nor_245,0.0492,0.0562,0.0632,0.0792,0.0912,0.0752,-
Amp_155,0.2752,0.3172,0.3472,0.4352,0.3912,0.3932,-
Amp_135,0.2182,0.3022,0.3322,0.4392,0.4922,0.5662,-
Amp_126,0.1602,0.1552,0.1712,0.3302,0.5382,0.5972,-
Amp_137,0.2302,0.2712,0.3122,0.4182,0.4352,0.4252,-
Amp_150,0.1292,0.1582,0.2052,0.3522,0.5142,0.5722,-
Amp_136,0.1442,0.2282,0.2932,0.4782,0.4732,0.7042,-
Amp_146,0.1992,0.2342,0.2972,0.4462,0.5092,0.6222,-
Amp_151,0.2552,0.3002,0.3522,0.4812,0.4632,0.4282,-
Amp_147,0.1102,0.1462,0.1882,0.3502,0.3622,0.6132,-
Amp_142,0.1132,0.1572,0.1982,0.3502,0.4372,0.6572,-
Amp_132,0.3132,0.3752,0.4052,0.5762,0.3642,0.4822,-
Amp_117,0.2182,0.2732,0.3132,0.4302,0.4432,0.4262,-
Amp_127,0.0982,0.1082,0.1462,0.1942,0.3692,0.5112,-
Amp_123,0.2352,0.2842,0.3352,0.4932,0.6752,0.7612,-
Amp_100,0.1802,0.2202,0.2642,0.3362,0.2392,0.3532,-
Amp_106,0.1282,0.1612,0.2132,0.2592,0.4512,0.5392,-
Amp_157,0.1682,0.2232,0.2772,0.4432,0.4452,0.4652,-
Amp_156,0.1902,0.2352,0.2562,0.3572,0.4242,0.5112,-
Amp_162,0.1492,0.2042,0.2072,0.2032,0.1302,0.2592,-
Amp_161,0.1282,0.1442,0.1632,0.2602,0.3082,0.3562,-
Amp_167,0.1652,0.2192,0.2532,0.4392,0.4922,0.6832,-
Amp_166,0.1722,0.2232,0.2772,0.4122,0.3512,0.2962,-
Amp_129,0.1342,0.1732,0.2222,0.2472,0.2332,0.3232,-
Amp_134,0.1452,0.1862,0.2292,0.3342,0.3932,0.4012,-
Amp_193,0.0972,0.1432,0.1902,0.3242,0.4272,0.4462,-
Amp_111,0.0922,0.0982,0.0922,0.0842,0.0682,0.0672,-
Amp_101,0.1872,0.2232,0.2562,0.4322,0.4812,0.4802,-
Amp_103,0.2312,0.2682,0.3042,0.4402,0.4832,0.4622,-
Amp_104,0.0802,0.0922,0.1222,0.1922,0.2392,0.3502,-
Amp_109,0.2342,0.2892,0.3242,0.4732,0.4962,0.5002,-
Amp_110,0.1962,0.2152,0.3412,0.4972,0.5052,0.5262,-
Amp_115,0.1702,0.1982,0.1922,0.2022,0.2302,0.3222,-
Amp_112,0.1702,0.2192,0.2682,0.3512,0.4752,0.4922,-
Amp_113,0.1692,0.2052,0.2472,0.4042,0.3552,0.6312,-
Amp_195,0.2532,0.3002,0.3362,0.4592,0.4122,0.5262,-
Amp_192,0.1872,0.2162,0.2402,0.1922,0.2192,0.1132,-
Amp_181,0.1252,0.1462,0.1792,0.2902,0.2382,0.3802,-
Amp_175,0.1722,0.2082,0.2302,0.3352,0.2942,0.4302,-
Amp_165,0.1642,0.2502,0.2952,0.4502,0.3682,0.3202,-
Amp_180,0.2402,0.2872,0.3392,0.4752,0.6872,0.7672,-
Amp_190,0.2362,0.2672,0.3032,0.4472,0.5032,0.5172,-
Amp_185,0.2372,0.2772,0.3282,0.4752,0.4692,0.4832,-
Amp_119,0.0982,0.1472,0.2092,0.3462,0.4112,0.5462,-
Amp_124,0.2572,0.2892,0.3222,0.3952,0.3722,0.3882,-
Amp_120,0.1442,0.1612,0.1982,0.2332,0.3172,0.4192,-
Amp_130,0.1242,0.1122,0.1602,0.1802,0.1172,0.2992,-
Amp_143,0.1722,0.1862,0.2082,0.2472,0.2532,0.3812,-
Amp_148,0.2022,0.2552,0.3022,0.3962,0.4962,0.5162,-
Amp_153,0.2372,0.2932,0.3442,0.4812,0.2482,0.4642,-
Amp_145,0.2072,0.2732,0.3242,0.4952,0.4652,0.4712,-
Amp_169,0.2452,0.2992,0.3572,0.5072,0.5662,0.6622,-
Amp_172,0.1512,0.1922,0.2272,0.3762,0.5192,0.5342,-
Amp_178,0.1202,0.1912,0.2492,0.3582,0.3112,0.4842,-
Amp_173,0.2082,0.2572,0.2932,0.4282,0.4882,0.5012,-
Amp_184,0.2462,0.3032,0.3462,0.4122,0.3742,0.5282,-
Amp_176,0.1592,0.2182,0.2482,0.4662,0.5502,0.6262,-
Amp_171,0.2182,0.2772,0.3122,0.4162,0.4332,0.4562,-
Amp_158,0.1992,0.2892,0.3772,0.4762,0.4452,0.4132,-
Amp_163,0.0902,0.1122,0.1492,0.1912,0.1812,0.3182,-
Cam_123,0.11391428571429,0.14491428571429,0.16891428571429,0.21891428571429,0.26691428571429,0.24491428571429,-
Cam_122,0.14591428571429,0.19391428571429,0.22991428571429,0.27991428571429,0.31891428571429,0.30991428571429,-
Cam_135,0.14891428571429,0.21691428571429,0.26591428571429,0.32591428571429,0.32691428571429,0.32191428571429,-
Cam_137,0.19191428571429,0.25191428571429,0.30691428571429,0.39591428571429,0.44491428571429,0.45491428571429,-
Cam_102,0.19591428571429,0.25891428571429,0.30591428571429,0.38791428571429,0.43091428571429,0.39291428571429,-
Nor_244,0.15691428571429,0.19891428571429,0.20991428571429,0.28091428571429,0.37291428571429,0.38191428571429,-
Nor_243,0.20391428571429,0.24191428571429,0.31891428571429,0.38791428571429,0.41891428571429,0.41091428571429,-
Nor_248,0.07091428571429,0.09091428571429,0.12291428571429,0.20391428571429,0.37391428571429,0.42091428571429,-
Nor_239,0.15191428571429,0.17991428571429,0.22291428571429,0.32891428571429,0.33991428571429,0.28191428571429,-
Nor_233,0.20591428571429,0.27991428571429,0.35491428571429,0.53291428571429,0.70091428571429,0.73391428571429,-
Nor_228,0.02191428571429,0.04491428571429,0.09291428571429,0.19491428571429,0.33691428571429,0.32991428571429,-
Nor_253,0.17591428571429,0.22591428571429,0.28091428571429,0.43891428571429,0.55691428571429,0.60491428571429,-
Nor_246,0.12191428571429,0.15691428571429,0.16791428571429,0.25691428571429,0.32491428571429,0.40191428571429,-
Nor_247,0.02891428571429,0.03491428571429,0.04291428571429,0.06591428571429,0.13491428571429,0.16791428571429,-
Nor_242,0.14291428571429,0.19891428571429,0.23991428571429,0.41391428571429,0.51791428571429,0.52991428571429,-
Nor_256,0.16991428571429,0.22591428571429,0.29391428571429,0.28691428571429,0.32891428571429,0.31191428571429,-
Nor_257,0.09491428571429,0.12291428571429,0.15891428571429,0.23591428571429,0.28891428571429,0.28791428571429,-
Nor_251,0.10891428571429,0.13891428571429,0.16491428571429,0.24091428571429,0.33191428571429,0.41691428571429,-
Nor_221,0.04591428571429,0.07891428571429,0.11591428571429,0.22591428571429,0.48691428571429,0.56491428571429,-
Nor_261,0.06191428571429,0.07791428571429,0.10591428571429,0.12091428571429,0.18791428571429,0.17191428571429,-
Nor_223,0.08191428571429,0.11591428571429,0.14491428571429,0.31491428571429,0.61091428571429,0.67791428571429,-
Nor_179,0.08091428571429,0.08591428571429,0.10291428571429,0.14391428571429,0.19591428571429,0.22291428571429,-
Nor_184,0.02291428571429,0.05691428571429,0.10291428571429,0.14691428571429,0.13391428571429,0.09491428571429,-
Nor_215,0.04291428571429,0.06091428571429,0.08991428571429,0.15791428571429,0.27991428571429,0.36691428571429,-
Nor_166,0.20191428571429,0.26091428571429,0.33891428571429,0.47291428571429,0.52791428571429,0.55191428571429,-
Nor_189,0.10091428571429,0.12591428571429,0.14991428571429,0.23191428571429,0.30191428571429,0.31891428571429,-
Nor_199,0.12791428571429,0.17491428571429,0.23391428571429,0.37691428571429,0.46991428571429,0.52191428571429,-
Nor_205,0.12891428571429,0.17791428571429,0.22791428571429,0.33991428571429,0.45191428571429,0.27591428571429,-
Nor_204,0.15891428571429,0.19191428571429,0.25291428571429,0.38691428571429,0.36591428571429,0.32191428571429,-
Nor_171,0.11591428571429,0.14291428571429,0.16091428571429,0.23491428571429,0.35091428571429,0.42991428571429,-
Nor_176,0.19391428571429,0.24491428571429,0.30991428571429,0.49691428571429,0.55691428571429,0.51191428571429,-
Nor_218,0.14191428571429,0.16491428571429,0.19491428571429,0.32191428571429,0.61291428571429,0.63691428571429,-
Nor_208,0.08591428571429,0.10891428571429,0.13891428571429,0.20691428571429,0.32491428571429,0.31691428571429,-
Nor_177,0.08391428571429,0.09291428571429,0.09791428571429,0.11391428571429,0.09691428571429,0.10791428571429,-
Nor_168,0.16891428571429,0.19491428571429,0.22291428571429,0.37691428571429,0.58091428571429,0.64591428571429,-
Nor_186,0.17891428571429,0.22491428571429,0.28191428571429,0.43591428571429,0.52291428571429,0.55891428571429,-
Nor_181,0.13591428571429,0.16391428571429,0.18891428571429,0.27291428571429,0.32491428571429,0.18391428571429,-
Nor_187,0.00891428571429,0.00991428571429,0.01891428571429,0.11091428571429,0.12291428571429,0.12691428571429,-
Nor_197,0.16191428571429,0.23191428571429,0.32091428571429,0.41991428571429,0.52191428571429,0.62791428571429,-
Nor_196,0.11391428571429,0.16091428571429,0.20691428571429,0.30991428571429,0.42891428571429,0.47691428571429,-
Nor_211,0.13791428571429,0.18291428571429,0.21091428571429,0.25991428571429,0.22591428571429,0.21491428571429,-
Nor_212,0.11491428571429,0.14591428571429,0.19491428571429,0.31491428571429,0.38791428571429,0.38391428571429,-
Nor_202,0.00991428571429,0.02591428571429,0.04891428571429,0.15891428571429,0.37891428571429,0.39391428571429,-
Nor_230,0.01991428571429,0.02991428571429,0.03991428571429,0.06991428571429,0.14691428571429,0.18491428571429,-
Nor_225,0.02591428571429,0.04091428571429,0.05991428571429,0.09291428571429,0.16091428571429,0.20491428571429,-
Nor_234,0.08191428571429,0.10991428571429,0.13991428571429,0.29091428571429,0.51291428571429,0.52991428571429,-
Nor_240,0.10891428571429,0.14691428571429,0.19491428571429,0.27291428571429,0.31491428571429,0.32891428571429,-
Nor_235,0.14291428571429,0.17491428571429,0.20291428571429,0.27191428571429,0.39991428571429,0.63191428571429,-
Nor_224,0.07191428571429,0.08591428571429,0.10991428571429,0.16091428571429,0.18391428571429,0.16091428571429,-
Nor_250,0.11391428571429,0.14591428571429,0.18191428571429,0.24691428571429,0.37691428571429,0.48391428571429,-
Nor_191,0.09891428571429,0.12891428571429,0.16491428571429,0.22691428571429,0.37791428571429,0.43991428571429,-
Nor_172,0.02391428571429,0.03691428571429,0.04891428571429,0.07291428571429,0.11491428571429,0.14291428571429,-
Nor_193,0.01691428571429,0.02191428571429,0.03691428571429,0.07891428571429,0.10891428571429,0.13591428571429,-
Nor_173,0.12191428571429,0.13891428571429,0.17291428571429,0.21391428571429,0.37791428571429,0.43091428571429,-
Nor_207,-0.00108571428571,-0.00208571428571,-0.00208571428571,0.00491428571429,0.04891428571429,0.15791428571429,-
Nor_200,0.10591428571429,0.09791428571429,0.11491428571429,0.16191428571429,0.10291428571429,0.11191428571429,-
Nor_227,0.12291428571429,0.14991428571429,0.17791428571429,0.27891428571429,0.63391428571429,0.93291428571429,-
Nor_255,0.10791428571429,0.13191428571429,0.16291428571429,0.25291428571429,0.42391428571429,0.59191428571429,-
Nor_252,0.11791428571429,0.16091428571429,0.20191428571429,0.27591428571429,0.34691428571429,0.31791428571429,-
Nor_169,0.11491428571429,0.13891428571429,0.16091428571429,0.23391428571429,0.38391428571429,0.59091428571429,-
Nor_220,0.07191428571429,0.10891428571429,0.13291428571429,0.18791428571429,0.22491428571429,0.20391428571429,-
Nor_183,0.00891428571429,0.01491428571429,0.04491428571429,0.17991428571429,0.54691428571429,0.69091428571429,-
Nor_182,0.06591428571429,0.09491428571429,0.11891428571429,0.19191428571429,0.26091428571429,0.25891428571429,-
Amp_159,0.12974285714286,0.14374285714286,0.16474285714286,0.19774285714286,0.22774285714286,0.25674285714286,-
Amp_164,0.17974285714286,0.23774285714286,0.27074285714286,0.29374285714286,0.29374285714286,0.27074285714286,-
Amp_170,0.17774285714286,0.21574285714286,0.26974285714286,0.48274285714286,0.47474285714286,0.59974285714286,-
Amp_183,0.14274285714286,0.19474285714286,0.24874285714286,0.28274285714286,0.33174285714286,0.35874285714286,-
Amp_189,0.22674285714286,0.34474285714286,0.39374285714286,0.46374285714286,0.43174285714286,0.39174285714286,-
Amp_154,0.13674285714286,0.16074285714286,0.15974285714286,0.27374285714286,0.52474285714286,0.58274285714286,-
Amp_131,0.14074285714286,0.16874285714286,0.21774285714286,0.25074285714286,0.27574285714286,0.26274285714286,-
Amp_138,0.13674285714286,0.13774285714286,0.20474285714286,0.34974285714286,0.45874285714286,0.48874285714286,-
Amp_128,0.15974285714286,0.17774285714286,0.21174285714286,0.29374285714286,0.29474285714286,0.32274285714286,-
Amp_107,0.10974285714286,0.13874285714286,0.14774285714286,0.16874285714286,0.17574285714286,0.17074285714286,-
Amp_133,0.08874285714286,0.11274285714286,0.11374285714286,0.13974285714286,0.15874285714286,0.16474285714286,-
Amp_116,0.16674285714286,0.23374285714286,0.33674285714286,0.45574285714286,0.57874285714286,0.61174285714286,-
Amp_139,0.12174285714286,0.12474285714286,0.12174285714286,0.11774285714286,0.17374285714286,0.17974285714286,-
Amp_122,0.14874285714286,0.21074285714286,0.26574285714286,0.45874285714286,0.46874285714286,0.51574285714286,-
Amp_140,0.05474285714286,0.06474285714286,0.07174285714286,0.06674285714286,0.23374285714286,0.29874285714286,-
Kan_112,0.12874285714286,0.16674285714286,0.19274285714286,0.20774285714286,0.20074285714286,0.18574285714286,-
Kan_163,0.18474285714286,0.23674285714286,0.27474285714286,0.50774285714286,0.52174285714286,0.59074285714286,-
Kan_159,0.20974285714286,0.27974285714286,0.32974285714286,0.52974285714286,0.56174285714286,0.62274285714286,-
Kan_127,0.08174285714286,0.10374285714286,0.12874285714286,0.17874285714286,0.21474285714286,0.19774285714286,-
Kan_110,0.19774285714286,0.26674285714286,0.32074285714286,0.43774285714286,0.46974285714286,0.33574285714286,-
Kan_115,0.12174285714286,0.15574285714286,0.18174285714286,0.25674285714286,0.32674285714286,0.40174285714286,-
Kan_119,0.19274285714286,0.29074285714286,0.28974285714286,0.43874285714286,0.59974285714286,0.38374285714286,-
Kan_141,0.11374285714286,0.14174285714286,0.17074285714286,0.23774285714286,0.27874285714286,0.41774285714286,-
Kan_155,0.16974285714286,0.31474285714286,0.42474285714286,0.52974285714286,0.54174285714286,0.56974285714286,-
Kan_197,0.20374285714286,0.26174285714286,0.30774285714286,0.36774285714286,0.34574285714286,0.37174285714286,-
Kan_183,0.13174285714286,0.16274285714286,0.18774285714286,0.27874285714286,0.33474285714286,0.38574285714286,-
Kan_172,0.14874285714286,0.18374285714286,0.24074285714286,0.43974285714286,0.46274285714286,0.47874285714286,-
Kan_177,0.17574285714286,0.22274285714286,0.26374285714286,0.43474285714286,0.41274285714286,0.54974285714286,-
Kan_194,0.18874285714286,0.24474285714286,0.28174285714286,0.51874285714286,0.54374285714286,0.58374285714286,-
Kan_175,0.05774285714286,0.07174285714286,0.06874285714286,0.12374285714286,0.12574285714286,0.18874285714286,-
Kan_170,0.12974285714286,0.17274285714286,0.19374285714286,0.25374285714286,0.21574285714286,0.22674285714286,-
Kan_181,0.17074285714286,0.21674285714286,0.25674285714286,0.31174285714286,0.47974285714286,0.54474285714286,-
Kan_118,0.15474285714286,0.24074285714286,0.30574285714286,0.47674285714286,0.63474285714286,0.72774285714286,-
Kan_132,0.17074285714286,0.22374285714286,0.28074285714286,0.41074285714286,0.38874285714286,0.53374285714286,-
Kan_122,0.10974285714286,0.13674285714286,0.17974285714286,0.24474285714286,0.43374285714286,0.61474285714286,-
Kan_189,0.14574285714286,0.18174285714286,0.21874285714286,0.31074285714286,0.46874285714286,0.50674285714286,-
Kan_146,0.16074285714286,0.19074285714286,0.21174285714286,0.24674285714286,0.21974285714286,0.23674285714286,-
Kan_190,0.12074285714286,0.14774285714286,0.18174285714286,0.26374285714286,0.27474285714286,0.36674285714286,-
Kan_201,-0.01425714285714,-0.01325714285714,-0.01025714285714,0.02174285714286,0.08074285714286,0.13074285714286,-
Kan_139,0.10974285714286,0.14074285714286,0.17174285714286,0.32574285714286,0.44474285714286,0.56974285714286,-
Tet_84,0.18674285714286,0.25574285714286,0.31474285714286,0.47374285714286,0.53174285714286,0.53174285714286,-
Tet_79,0.12074285714286,0.14874285714286,0.17774285714286,0.44774285714286,0.53174285714286,0.56274285714286,-
Tet_83,0.26774285714286,0.34774285714286,0.39374285714286,0.67874285714286,0.91174285714286,0.76074285714286,-
Tet_108,0.22074285714286,0.28174285714286,0.29174285714286,0.55174285714286,0.60274285714286,0.64774285714286,-
Tet_113,0.26374285714286,0.30874285714286,0.35674285714286,0.51674285714286,0.58174285714286,0.61574285714286,-
Tet_81,0.15774285714286,0.21774285714286,0.28874285714286,0.48474285714286,0.55174285714286,0.56574285714286,-
Tet_97,0.22874285714286,0.26074285714286,0.30174285714286,0.45374285714286,0.52374285714286,0.61074285714286,-
Tet_107,0.20974285714286,0.24674285714286,0.28174285714286,0.42074285714286,0.46674285714286,0.45674285714286,-
Tet_112,0.10474285714286,0.13474285714286,0.15474285714286,0.31374285714286,0.33974285714286,0.49174285714286,-
Tet_117,0.19774285714286,0.29974285714286,0.37474285714286,0.43574285714286,0.36374285714286,0.35774285714286,-
Tet_122,0.16774285714286,0.20074285714286,0.23774285714286,0.38074285714286,0.42974285714286,0.41174285714286,-
Tet_129,0.19674285714286,0.22874285714286,0.28774285714286,0.47874285714286,0.46774285714286,0.52474285714286,-
Tet_125,0.22374285714286,0.24374285714286,0.27974285714286,0.49474285714286,0.59474285714286,0.73774285714286,-
Tet_126,0.12574285714286,0.15574285714286,0.19974285714286,0.40274285714286,0.51074285714286,0.56774285714286,-
Tet_105,0.20774285714286,0.24774285714286,0.29374285714286,0.45374285714286,0.53174285714286,0.56374285714286,-
Tet_100,0.13274285714286,0.15874285714286,0.19474285714286,0.28974285714286,0.47074285714286,0.52274285714286,-
Tet_158,0.24574285714286,0.28474285714286,0.31574285714286,0.45574285714286,0.50574285714286,0.53774285714286,-
Tet_147,0.15974285714286,0.23274285714286,0.27674285714286,0.42074285714286,0.47174285714286,0.51974285714286,-
Tet_155,0.12674285714286,0.16674285714286,0.19074285714286,0.31374285714286,0.38874285714286,0.54474285714286,-
Tet_143,0.24374285714286,0.29074285714286,0.34174285714286,0.49674285714286,0.50974285714286,0.49974285714286,-
Tet_140,0.19674285714286,0.21274285714286,0.29774285714286,0.48374285714286,0.60674285714286,0.74474285714286,-
Tet_145,0.15374285714286,0.21474285714286,0.28574285714286,0.48474285714286,0.61674285714286,0.70574285714286,-
Tet_146,0.17674285714286,0.19374285714286,0.20674285714286,0.56674285714286,0.67074285714286,0.71774285714286,-
Tet_138,0.25674285714286,0.31274285714286,0.33874285714286,0.53574285714286,0.59574285714286,0.74974285714286,-
Tet_182,0.27803333333333,0.29503333333333,0.31203333333333,0.40303333333333,0.49603333333333,-,-
Tet_181,0.27703333333333,0.30803333333333,0.33303333333333,0.39003333333333,0.61203333333333,-,-
Tet_187,0.23803333333333,0.27903333333333,0.31703333333333,0.43803333333333,0.53603333333333,-,-
Tet_186,0.25703333333333,0.32303333333333,0.35803333333333,0.51303333333333,0.69503333333333,-,-
Tet_216,0.25403333333333,0.26503333333333,0.29903333333333,0.46203333333333,0.62803333333333,-,-
Tet_200,0.27103333333333,0.32403333333333,0.35803333333333,0.49703333333333,0.66003333333333,-,-
Tet_211,0.36703333333333,0.43903333333333,0.50403333333333,0.71503333333333,0.82303333333333,-,-
Tet_196,0.35403333333333,0.40603333333333,0.56903333333333,0.77103333333333,0.83303333333333,-,-
Tet_201,0.40803333333333,0.47903333333333,0.50003333333333,0.62303333333333,0.57503333333333,-,-
Tet_206,0.20403333333333,0.26803333333333,0.31303333333333,0.49203333333333,0.62103333333333,-,-
Tet_197,0.30703333333333,0.35803333333333,0.48303333333333,0.71203333333333,0.83503333333333,-,-
Tet_202,0.21603333333333,0.26903333333333,0.31203333333333,0.41503333333333,0.55503333333333,-,-
Tet_191,0.12703333333333,0.17703333333333,0.22103333333333,0.36303333333333,0.52003333333333,-,-
Cam_182,0.32903333333333,0.37703333333333,0.41103333333333,0.51103333333333,0.62603333333333,-,-
Cam_164,0.36203333333333,0.41303333333333,0.43203333333333,0.61203333333333,0.47103333333333,-,-
Cam_175,0.37603333333333,0.41803333333333,0.46003333333333,0.50603333333333,0.63803333333333,-,-
Cam_158,0.22403333333333,0.25103333333333,0.27803333333333,0.40803333333333,0.49203333333333,-,-
Cam_167,0.33903333333333,0.35003333333333,0.38003333333333,0.40703333333333,0.56703333333333,-,-
Cam_162,0.21203333333333,0.28303333333333,0.32703333333333,0.44503333333333,0.54503333333333,-,-
Cam_183,0.30703333333333,0.34903333333333,0.36003333333333,0.46403333333333,0.55003333333333,-,-
Cam_193,0.13003333333333,0.17403333333333,0.20303333333333,0.29603333333333,0.35603333333333,-,-
Cam_190,0.13203333333333,0.18503333333333,0.21703333333333,0.32403333333333,0.40403333333333,-,-
Cam_178,0.35303333333333,0.37103333333333,0.38603333333333,0.50003333333333,0.49203333333333,-,-
Cam_197,0.14703333333333,0.20503333333333,0.24803333333333,0.37403333333333,0.47803333333333,-,-
Cam_203,0.33603333333333,0.36703333333333,0.41203333333333,0.54503333333333,0.60903333333333,-,-
Cam_198,0.26103333333333,0.30103333333333,0.34303333333333,0.44803333333333,0.61003333333333,-,-
Cam_185,0.20803333333333,0.26103333333333,0.28303333333333,0.37103333333333,0.46903333333333,-,-
Cam_171,0.25803333333333,0.30803333333333,0.36003333333333,0.51903333333333,0.53603333333333,-,-
Cam_200,0.25603333333333,0.30103333333333,0.31903333333333,0.43603333333333,0.50003333333333,-,-
Cam_160,0.16103333333333,0.20703333333333,0.23603333333333,0.32303333333333,0.27003333333333,-,-
Cam_161,0.08203333333333,0.11203333333333,0.12603333333333,0.16603333333333,0.20603333333333,-,-
Tet_185,0.33903333333333,0.34803333333333,0.35903333333333,0.42103333333333,0.54003333333333,-,-
Tet_184,0.37303333333333,0.41503333333333,0.47603333333333,0.62903333333333,0.69803333333333,-,-
Tet_217,0.12603333333333,0.18103333333333,0.21603333333333,0.33003333333333,0.43303333333333,-,-
Tet_207,0.09803333333333,0.14803333333333,0.18403333333333,0.27803333333333,0.34303333333333,-,-
Tet_188,0.20903333333333,0.15103333333333,0.13103333333333,0.15803333333333,0.24303333333333,-,-
Tet_193,0.09203333333333,0.12903333333333,0.17303333333333,0.33703333333333,0.52703333333333,-,-
Tet_176,0.11103333333333,0.15203333333333,0.18703333333333,0.28503333333333,0.47203333333333,-,-
Tet_203,0.19003333333333,0.13503333333333,0.12003333333333,0.16103333333333,0.18303333333333,-,-
Tet_179,0.36103333333333,0.35103333333333,0.36203333333333,0.48103333333333,0.50203333333333,-,-
Tet_222,0.20303333333333,0.23003333333333,0.25803333333333,0.36003333333333,0.36003333333333,-,-
Tet_212,0.18303333333333,0.19103333333333,0.19203333333333,0.15403333333333,0.14903333333333,-,-
Tet_218,0.24403333333333,0.29003333333333,0.34003333333333,0.45703333333333,0.67803333333333,-,-
Tet_189,0.30703333333333,0.34603333333333,0.35503333333333,0.40003333333333,0.41803333333333,-,-
Cam_168,0.16103333333333,0.22103333333333,0.25203333333333,0.34903333333333,0.41803333333333,-,-
Cam_187,0.25603333333333,0.25703333333333,0.23503333333333,0.20203333333333,0.14603333333333,-,-
Cam_186,-0.00496666666667,-0.00296666666667,-0.00096666666667,-0.00196666666667,-0.00296666666667,-,-
Tet_221,0.01803333333333,0.04503333333333,0.07803333333333,0.15103333333333,0.17603333333333,-,-
Tet_205,0.13203333333333,0.18303333333333,0.21603333333333,0.30403333333333,0.39803333333333,-,-
Tet_175,0.14603333333333,0.21003333333333,0.25803333333333,0.38403333333333,0.47003333333333,-,-
Cam_191,0.07603333333333,0.11903333333333,0.14503333333333,0.21603333333333,0.30103333333333,-,-
Cam_195,0.12803333333333,0.17603333333333,0.20603333333333,0.31103333333333,0.37403333333333,-,-
Tet_177,0.32303333333333,0.33703333333333,0.36403333333333,0.40603333333333,0.42903333333333,-,-
Amp_202,0.34903333333333,0.38003333333333,0.40703333333333,0.60003333333333,0.61203333333333,-,-
Amp_199,0.24203333333333,0.28103333333333,0.33103333333333,0.46603333333333,0.58103333333333,-,-
Amp_203,0.38703333333333,0.44103333333333,0.44003333333333,0.61803333333333,0.59403333333333,-,-
Amp_252,0.36703333333333,0.39903333333333,0.42403333333333,0.53103333333333,0.56403333333333,-,-
Amp_257,0.40303333333333,0.43903333333333,0.47803333333333,0.60703333333333,0.61603333333333,-,-
Amp_251,0.39203333333333,0.44103333333333,0.45303333333333,0.56803333333333,0.65703333333333,-,-
Amp_249,0.38903333333333,0.41903333333333,0.45203333333333,0.58203333333333,0.63203333333333,-,-
Amp_244,0.37403333333333,0.43003333333333,0.48503333333333,0.52603333333333,0.68503333333333,-,-
Amp_236,0.31603333333333,0.43403333333333,0.46903333333333,0.70103333333333,0.80303333333333,-,-
Amp_231,0.24903333333333,0.32903333333333,0.35203333333333,0.48003333333333,0.66203333333333,-,-
Amp_245,0.37903333333333,0.42403333333333,0.44603333333333,0.46503333333333,0.58903333333333,-,-
Amp_214,0.28003333333333,0.31303333333333,0.34203333333333,0.36403333333333,0.44003333333333,-,-
Amp_241,0.45503333333333,0.47803333333333,0.51103333333333,0.61103333333333,0.55303333333333,-,-
Amp_242,0.29603333333333,0.32703333333333,0.35303333333333,0.41803333333333,0.41403333333333,-,-
Amp_232,0.25603333333333,0.29803333333333,0.32003333333333,0.37603333333333,0.39303333333333,-,-
Amp_233,0.30103333333333,0.32703333333333,0.35703333333333,0.47803333333333,0.52603333333333,-,-
Amp_239,0.30203333333333,0.34903333333333,0.39103333333333,0.44203333333333,0.58903333333333,-,-
Amp_227,0.38603333333333,0.42603333333333,0.44603333333333,0.59603333333333,0.74603333333333,-,-
Amp_238,0.26403333333333,0.31903333333333,0.36003333333333,0.49203333333333,0.61203333333333,-,-
Amp_235,0.37003333333333,0.40803333333333,0.41503333333333,0.56303333333333,0.61503333333333,-,-
Amp_221,0.37803333333333,0.42403333333333,0.45703333333333,0.60903333333333,0.74603333333333,-,-
Amp_206,0.42403333333333,0.47303333333333,0.49403333333333,0.63103333333333,0.44803333333333,-,-
Amp_217,0.28903333333333,0.33303333333333,0.36903333333333,0.44103333333333,0.72603333333333,-,-
Amp_218,0.34903333333333,0.40103333333333,0.43203333333333,0.58603333333333,0.76203333333333,-,-
Amp_225,0.27703333333333,0.29703333333333,0.30603333333333,0.38603333333333,0.49603333333333,-,-
Amp_229,0.50803333333333,0.51303333333333,0.56803333333333,0.76603333333333,0.83903333333333,-,-
Amp_240,0.42603333333333,0.49703333333333,0.54303333333333,0.74003333333333,0.86703333333333,-,-
Amp_230,0.25203333333333,0.30103333333333,0.34103333333333,0.47403333333333,0.67303333333333,-,-
Tet_132,0.10485714285714,0.12885714285714,0.15785714285714,0.23285714285714,0.33785714285714,-,-
Tet_135,0.10985714285714,0.13285714285714,0.15485714285714,0.21785714285714,0.31185714285714,-,-
Tet_106,0.11385714285714,0.14685714285714,0.17985714285714,0.27185714285714,0.36785714285714,-,-
Tet_101,0.24685714285714,0.28885714285714,0.33785714285714,0.38685714285714,0.46885714285714,-,-
Tet_82,0.00285714285714,0.00385714285714,0.00685714285714,0.04785714285714,0.12985714285714,-,-
Tet_80,0.08785714285714,0.11385714285714,0.13885714285714,0.20985714285714,0.26585714285714,-,-
Tet_86,0.26285714285714,0.33885714285714,0.41285714285714,0.57085714285714,0.89185714285714,-,-
Tet_85,0.12085714285714,0.15985714285714,0.21685714285714,0.36185714285714,0.48485714285714,-,-
Tet_141,0.04185714285714,0.07785714285714,0.12185714285714,0.21185714285714,0.35785714285714,-,-
Tet_168,0.30385714285714,0.34985714285714,0.42085714285714,0.58385714285714,0.65685714285714,-,-
Tet_172,0.21985714285714,0.26185714285714,0.28585714285714,0.36085714285714,0.48885714285714,-,-
Tet_162,0.14785714285714,0.20885714285714,0.27785714285714,0.42485714285714,0.65385714285714,-,-
Tet_167,0.27885714285714,0.32685714285714,0.40785714285714,0.50285714285714,0.65385714285714,-,-
Tet_118,0.07285714285714,0.13385714285714,0.17085714285714,0.28585714285714,0.59185714285714,-,-
Tet_120,0.19385714285714,0.22385714285714,0.27685714285714,0.43385714285714,0.58285714285714,-,-
Tet_88,0.38985714285714,0.40885714285714,0.48285714285714,0.57985714285714,0.49785714285714,-,-
Tet_91,0.36285714285714,0.39685714285714,0.49485714285714,0.62785714285714,0.57085714285714,-,-
Tet_169,0.07285714285714,0.10085714285714,0.11785714285714,0.16085714285714,0.22385714285714,-,-
Tet_110,0.15885714285714,0.21085714285714,0.26985714285714,0.43285714285714,0.66085714285714,-,-
Tet_93,0.24685714285714,0.27385714285714,0.30885714285714,0.39385714285714,0.58385714285714,-,-
Tet_99,0.12685714285714,0.16985714285714,0.23085714285714,0.37385714285714,0.53685714285714,-,-
Tet_150,0.20785714285714,0.24185714285714,0.26285714285714,0.39085714285714,0.51485714285714,-,-
Tet_153,0.23385714285714,0.30585714285714,0.27685714285714,0.43885714285714,0.65085714285714,-,-
Tet_139,0.23085714285714,0.28085714285714,0.31585714285714,0.42285714285714,0.60485714285714,-,-
Tet_157,0.34485714285714,0.37785714285714,0.39385714285714,0.51285714285714,0.55785714285714,-,-
Tet_171,0.04085714285714,0.09785714285714,0.14585714285714,0.29585714285714,0.46985714285714,-,-
Tet_144,0.05985714285714,0.11585714285714,0.16085714285714,0.28885714285714,0.44285714285714,-,-
Tet_103,0.24985714285714,0.32285714285714,0.37785714285714,0.48085714285714,0.69385714285714,-,-
Tet_87,0.09085714285714,0.11785714285714,0.17085714285714,0.30585714285714,0.50185714285714,-,-
Tet_149,0.07985714285714,0.10785714285714,0.16085714285714,0.30285714285714,0.48585714285714,-,-
Tet_102,0.11385714285714,0.15385714285714,0.19185714285714,0.30385714285714,0.45485714285714,-,-
Tet_166,0.11885714285714,0.15985714285714,0.20085714285714,0.31585714285714,0.44485714285714,-,-
Tet_151,0.19985714285714,0.25185714285714,0.27985714285714,0.33085714285714,0.38485714285714,-,-
Tet_123,0.20685714285714,0.26085714285714,0.30985714285714,0.38085714285714,0.43885714285714,-,-
Tet_124,0.12085714285714,0.15585714285714,0.18985714285714,0.28185714285714,0.40385714285714,-,-
Tet_77,0.09385714285714,0.14685714285714,0.19285714285714,0.28585714285714,0.40385714285714,-,-
Tet_148,0.11385714285714,0.13485714285714,0.15985714285714,0.22585714285714,0.32585714285714,-,-
Tet_114,0.16885714285714,0.21285714285714,0.24485714285714,0.34285714285714,0.39685714285714,-,-
Tet_115,0.10285714285714,0.16785714285714,0.22685714285714,0.37785714285714,0.44085714285714,-,-
Tet_163,0.16085714285714,0.23485714285714,0.29285714285714,0.41685714285714,0.64785714285714,-,-
Tet_164,0.11585714285714,0.17285714285714,0.19385714285714,0.26585714285714,0.34585714285714,-,-
Tet_121,0.07285714285714,0.11185714285714,0.14285714285714,0.23185714285714,0.35885714285714,-,-
Tet_154,0.18785714285714,0.27785714285714,0.34985714285714,0.49785714285714,0.58885714285714,-,-
Tet_131,0.35785714285714,0.39885714285714,0.41285714285714,0.51785714285714,0.56085714285714,-,-
Tet_116,0.07085714285714,0.11485714285714,0.15085714285714,0.22185714285714,0.34485714285714,-,-
Tet_128,0.02485714285714,0.04985714285714,0.08185714285714,0.18785714285714,0.30685714285714,-,-
Tet_130,0.02685714285714,0.05285714285714,0.08085714285714,0.18085714285714,0.29485714285714,-,-
Tet_127,0.00185714285714,0.00685714285714,0.01585714285714,0.10185714285714,0.25785714285714,-,-
Tet_170,0.23085714285714,0.33685714285714,0.40685714285714,0.52685714285714,0.62685714285714,-,-
Tet_111,0.06685714285714,0.10885714285714,0.15685714285714,0.29485714285714,0.44985714285714,-,-
Tet_96,0.11085714285714,0.17385714285714,0.23285714285714,0.35785714285714,0.46385714285714,-,-
Tet_119,0.22385714285714,0.32685714285714,0.41985714285714,0.56585714285714,0.66885714285714,-,-
Tet_161,0.17385714285714,0.24285714285714,0.31185714285714,0.41485714285714,0.50685714285714,-,-
Tet_95,0.11085714285714,0.17785714285714,0.23385714285714,0.32185714285714,0.38385714285714,-,-
Tet_133,0.10685714285714,0.13085714285714,0.16185714285714,0.29785714285714,0.31985714285714,-,-
Tet_90,0.12685714285714,0.19085714285714,0.24885714285714,0.38885714285714,0.54385714285714,-,-
Tet_174,0.24385714285714,0.24285714285714,0.26785714285714,0.46385714285714,0.66785714285714,-,-
Tet_173,0.09785714285714,0.13085714285714,0.17585714285714,0.29585714285714,0.43085714285714,-,-
Tet_178,0.25685714285714,0.26285714285714,0.31685714285714,0.46085714285714,0.57085714285714,-,-
Tet_194,0.14485714285714,0.15985714285714,0.19685714285714,0.25785714285714,0.31085714285714,-,-
Tet_220,0.21485714285714,0.24985714285714,0.29485714285714,0.48185714285714,0.78685714285714,-,-
Tet_219,0.25985714285714,0.29485714285714,0.33585714285714,0.52685714285714,0.62785714285714,-,-
Cam_199,0.23585714285714,0.30485714285714,0.32585714285714,0.46885714285714,0.55285714285714,-,-
Cam_204,0.25585714285714,0.35485714285714,0.31285714285714,0.49385714285714,0.50885714285714,-,-
Cam_201,0.19985714285714,0.25585714285714,0.31985714285714,0.46785714285714,0.61385714285714,-,-
Cam_194,0.27185714285714,0.28585714285714,0.34185714285714,0.51285714285714,0.67885714285714,-,-
Cam_180,0.27085714285714,0.30385714285714,0.40085714285714,0.63685714285714,0.77985714285714,-,-
Cam_189,0.17685714285714,0.26885714285714,0.27485714285714,0.39485714285714,0.55485714285714,-,-
Cam_170,0.31685714285714,0.34585714285714,0.39785714285714,0.48685714285714,0.59685714285714,-,-
Cam_184,0.22085714285714,0.23485714285714,0.24885714285714,0.33485714285714,0.51285714285714,-,-
Cam_177,0.25185714285714,0.29985714285714,0.28885714285714,0.48285714285714,0.67785714285714,-,-
Cam_157,0.24085714285714,0.28185714285714,0.33185714285714,0.46485714285714,0.53085714285714,-,-
Cam_156,0.31785714285714,0.36185714285714,0.39385714285714,0.58485714285714,0.65485714285714,-,-
Cam_179,0.36885714285714,0.40485714285714,0.44185714285714,0.50485714285714,0.47885714285714,-,-
Cam_166,0.22085714285714,0.25685714285714,0.28885714285714,0.38585714285714,0.43985714285714,-,-
Cam_159,0.32585714285714,0.36485714285714,0.41185714285714,0.49785714285714,0.69385714285714,-,-
Cam_163,0.43585714285714,0.48385714285714,0.56585714285714,0.61785714285714,0.71385714285714,-,-
Cam_192,0.26485714285714,0.28085714285714,0.32785714285714,0.42185714285714,0.62185714285714,-,-
Tet_199,0.21385714285714,0.25685714285714,0.30185714285714,0.39685714285714,0.54985714285714,-,-
Tet_210,0.12585714285714,0.16985714285714,0.21085714285714,0.32985714285714,0.52085714285714,-,-
Tet_215,0.18685714285714,0.23785714285714,0.28685714285714,0.41185714285714,0.54985714285714,-,-
Kan_229,0.01782857142857,0.03882857142857,0.05682857142857,0.12082857142857,0.08082857142857,0.19082857142857,
Kan_259,0.06482857142857,0.11482857142857,0.15482857142857,0.26582857142857,0.24182857142857,0.32682857142857,
Kan_236,-0.01217142857143,-0.01117142857143,-0.01017142857143,0.00382857142857,0.05182857142857,0.09482857142857,
Kan_242,0.03382857142857,0.08082857142857,0.12382857142857,0.21282857142857,0.29482857142857,0.38382857142857,
Kan_247,0.07882857142857,0.12782857142857,0.17082857142857,0.28182857142857,0.24082857142857,0.33482857142857,
Kan_243,0.03982857142857,0.08782857142857,0.14182857142857,0.25282857142857,0.27582857142857,0.27182857142857,
Kan_245,0.03482857142857,0.07482857142857,0.11782857142857,0.23182857142857,0.22782857142857,0.19382857142857,
Kan_235,0.03482857142857,0.07382857142857,0.11382857142857,0.19782857142857,0.29882857142857,0.33282857142857,
Kan_230,0.02382857142857,0.06882857142857,0.11882857142857,0.21582857142857,0.25182857142857,0.32582857142857,
Kan_261,0.00582857142857,0.04082857142857,0.09382857142857,0.19182857142857,0.23082857142857,0.25382857142857,
Kan_216,0.02882857142857,0.06782857142857,0.10882857142857,0.20682857142857,0.22082857142857,0.31082857142857,
Kan_210,0.02482857142857,0.05582857142857,0.12582857142857,0.22082857142857,0.24982857142857,0.32582857142857,
Kan_211,0.02882857142857,0.07582857142857,0.11682857142857,0.21282857142857,0.25782857142857,0.28982857142857,
Kan_212,0.04982857142857,0.08982857142857,0.11682857142857,0.19182857142857,0.25882857142857,0.31482857142857,
Kan_263,-0.00217142857143,0.02182857142857,0.06482857142857,0.17782857142857,0.21282857142857,0.33482857142857,
Kan_255,0.02182857142857,0.06682857142857,0.10682857142857,0.21782857142857,0.27282857142857,0.34782857142857,
Kan_253,0.02182857142857,0.05382857142857,0.09482857142857,0.18082857142857,0.23682857142857,0.29482857142857,
Kan_257,0.01482857142857,0.04982857142857,0.08982857142857,0.21482857142857,0.24382857142857,0.27282857142857,
Kan_240,0.02582857142857,0.06482857142857,0.10682857142857,0.22982857142857,0.26682857142857,0.32882857142857,
Kan_260,0.00682857142857,0.02082857142857,0.05182857142857,0.16282857142857,0.23182857142857,0.28482857142857,
Kan_254,0.04282857142857,0.08382857142857,0.10682857142857,0.19182857142857,0.27082857142857,0.27482857142857,
Nor_262,0.04482857142857,0.08582857142857,0.12082857142857,0.20182857142857,0.27582857142857,0.29682857142857,
Nor_293,0.00182857142857,0.00182857142857,0.00182857142857,0.00482857142857,0.01382857142857,0.02082857142857,
Nor_300,-0.00117142857143,-0.00117142857143,-0.00117142857143,-0.00017142857143,-0.00017142857143,-0.00017142857143,
Nor_305,0.02482857142857,0.04682857142857,0.07282857142857,0.16082857142857,0.22482857142857,0.28482857142857,
Nor_294,0.03682857142857,0.05982857142857,0.08782857142857,0.20482857142857,0.27382857142857,0.29982857142857,
Nor_275,0.00982857142857,0.04182857142857,0.07282857142857,0.15882857142857,0.22382857142857,0.25482857142857,
Nor_301,0.03482857142857,0.06082857142857,0.08682857142857,0.19282857142857,0.26582857142857,0.29482857142857,
Nor_308,0.00782857142857,0.00982857142857,0.01082857142857,0.07582857142857,0.29282857142857,0.45382857142857,
Nor_323,0.04082857142857,0.08082857142857,0.10482857142857,0.17782857142857,0.23082857142857,0.29782857142857,
Nor_268,-0.00017142857143,0.00082857142857,0.00082857142857,0.01282857142857,0.11582857142857,0.19182857142857,
Nor_325,0.00982857142857,0.01882857142857,0.03482857142857,0.15782857142857,0.22282857142857,0.25382857142857,
Nor_292,0.02382857142857,0.05382857142857,0.08082857142857,0.15282857142857,0.23282857142857,0.30382857142857,
Nor_311,0.05782857142857,0.10282857142857,0.13882857142857,0.25182857142857,0.34582857142857,0.38382857142857,
Nor_276,0.01682857142857,0.04382857142857,0.07982857142857,0.16582857142857,0.26482857142857,0.30482857142857,
Nor_277,0.00182857142857,0.00682857142857,0.01482857142857,0.20482857142857,0.29882857142857,0.41582857142857,
Nor_285,0.14182857142857,0.17482857142857,0.20082857142857,0.27382857142857,0.29782857142857,0.39282857142857,
Nor_280,0.02282857142857,0.05982857142857,0.11182857142857,0.22082857142857,0.24882857142857,0.31282857142857,
Nor_289,-0.00217142857143,0.01682857142857,0.05382857142857,0.19682857142857,0.15182857142857,0.29582857142857,
Nor_299,0.00482857142857,0.00582857142857,0.00582857142857,0.00682857142857,0.04482857142857,0.14482857142857,
Nor_309,0.03882857142857,0.07382857142857,0.11182857142857,0.21182857142857,0.23082857142857,0.21782857142857,
Nor_281,0.01282857142857,0.04782857142857,0.08682857142857,0.18482857142857,0.26682857142857,0.35382857142857,
Nor_287,-0.00017142857143,0.00082857142857,0.00182857142857,0.03182857142857,0.12682857142857,0.27382857142857,
Nor_316,0.01682857142857,0.04382857142857,0.08282857142857,0.17182857142857,0.22682857142857,0.30282857142857,
Nor_313,0.04882857142857,0.08382857142857,0.12982857142857,0.22682857142857,0.25482857142857,0.29582857142857,
Nor_291,0.20582857142857,0.26682857142857,0.32582857142857,0.48682857142857,0.63482857142857,0.75082857142857,
Nor_307,0.13382857142857,0.19982857142857,0.24882857142857,0.35282857142857,0.48482857142857,0.54382857142857,
Nor_303,0.00482857142857,0.02582857142857,0.05682857142857,0.12882857142857,0.18582857142857,0.32082857142857,
Nor_288,0.00782857142857,0.04782857142857,0.10282857142857,0.24482857142857,0.44482857142857,0.52582857142857,
Nor_269,0.01482857142857,0.04182857142857,0.08282857142857,0.17682857142857,0.20582857142857,0.29582857142857,
Nor_321,0.04782857142857,0.09082857142857,0.13882857142857,0.22982857142857,0.09382857142857,0.04282857142857,
Nor_272,0.02682857142857,0.06582857142857,0.10982857142857,0.26882857142857,0.30082857142857,0.41682857142857,
Amp_253,0.08682857142857,0.13282857142857,0.16982857142857,0.21882857142857,0.25082857142857,0.26082857142857,
Amp_208,0.03782857142857,0.06782857142857,0.10682857142857,0.19282857142857,0.29582857142857,0.35182857142857,
Amp_207,0.06582857142857,0.08382857142857,0.11982857142857,0.20582857142857,0.14782857142857,0.10682857142857,
Amp_215,0.01582857142857,0.04382857142857,0.06682857142857,0.15982857142857,0.20882857142857,0.22782857142857,
Amp_204,0.07882857142857,0.09982857142857,0.12082857142857,0.19582857142857,0.21382857142857,0.29482857142857,
Amp_250,0.09182857142857,0.13582857142857,0.18882857142857,0.45082857142857,0.69482857142857,0.78782857142857,
Amp_213,0.01982857142857,0.05082857142857,0.09082857142857,0.18982857142857,0.25182857142857,0.32982857142857,
Amp_204,0.18082857142857,0.22682857142857,0.29982857142857,0.47382857142857,0.48382857142857,0.49882857142857,
Amp_216,0.23182857142857,0.26682857142857,0.29982857142857,0.44682857142857,0.45982857142857,0.52182857142857,
Amp_248,0.21382857142857,0.25082857142857,0.28482857142857,0.40582857142857,0.44982857142857,0.59582857142857,
Amp_201,0.13182857142857,0.18982857142857,0.21382857142857,0.27782857142857,0.26682857142857,0.28682857142857,
Amp_255,0.25082857142857,0.31782857142857,0.36182857142857,0.52682857142857,0.54382857142857,0.52382857142857,
Amp_224,0.16082857142857,0.21182857142857,0.26682857142857,0.42382857142857,0.54882857142857,0.60382857142857,
